training_hours_annual,punctuality_rate,productivity_index,scrap_associated_pct,engagement_score,experience_yrs,area_rotation_rate,department,shift,contract_type,high_risk
39.04,0.99,100.64,6.14,5,27.2,0.11,Logistics,Afternoon,Permanent,0
19.31,0.97,106.69,5.83,2,28.9,0.02,Production,Morning,Permanent,0
38.12,0.94,90.55,3.96,4,17.1,0.22,Administration,Morning,Temporary,1
17.72,0.91,104.98,6.1,1,7.6,0.07,Production,Morning,Permanent,1
20.0,0.92,103.67,3.05,4,13.1,0.08,Production,Afternoon,Permanent,1
21.77,0.89,88.98,3.21,3,13.6,0.03,Administration,Morning,Temporary,1
23.35,0.93,106.78,4.46,2,3.0,0.08,Production,Night,Permanent,0
24.37,0.94,105.58,2.86,3,20.3,0.1,Quality,Afternoon,Permanent,0
31.49,0.96,92.8,4.14,2,6.0,0.04,Logistics,Afternoon,Permanent,0
33.7,0.92,106.73,4.74,4,7.0,0.18,Maintenance,Morning,Temporary,0
36.35,0.99,105.53,4.99,4,27.7,0.05,Logistics,Afternoon,Temporary,0
11.49,1.0,86.57,4.83,3,19.9,0.16,Quality,Night,Temporary,0
62.59,0.97,92.64,5.41,4,30.0,0.12,Production,Afternoon,Permanent,0
22.64,0.98,105.22,7.53,4,4.5,0.1,Production,Morning,Permanent,0
29.7,1.0,84.68,6.25,5,9.4,0.02,Production,Morning,Temporary,1
34.98,1.0,94.15,2.52,4,23.4,0.13,Quality,Afternoon,Permanent,0
24.32,1.0,96.78,2.65,2,29.9,0.06,Production,Afternoon,Temporary,0
39.54,0.95,102.03,5.92,3,14.3,0.02,Quality,Night,Outsourcing,0
36.73,0.96,107.11,5.04,1,21.8,0.11,Quality,Night,Permanent,0
30.65,1.0,91.33,0.81,1,7.2,0.01,Logistics,Morning,Temporary,0
29.79,0.93,90.35,4.28,3,18.5,0.13,Maintenance,Morning,Temporary,0
13.14,0.95,98.41,5.42,3,21.7,0.11,Production,Morning,Permanent,0
41.07,0.91,109.02,5.37,2,17.6,0.1,Production,Morning,Permanent,1
26.99,0.87,116.02,6.53,1,8.1,0.15,Maintenance,Afternoon,Permanent,0
4.42,0.93,75.14,1.99,5,2.3,0.05,Production,Night,Permanent,1
34.43,0.85,109.53,3.44,1,4.2,0.13,Production,Night,Temporary,0
33.99,0.89,99.41,2.79,5,15.5,0.19,Production,Afternoon,Permanent,0
8.89,1.0,98.22,5.91,5,21.9,0.14,Logistics,Afternoon,Temporary,0
21.61,0.94,106.84,3.99,5,7.1,0.0,Logistics,Morning,Permanent,0
35.34,0.89,117.85,6.95,3,30.0,0.05,Logistics,Morning,Permanent,0
25.56,0.91,106.88,4.21,5,26.9,0.09,Production,Morning,Permanent,0
17.15,0.91,82.48,5.32,1,20.4,0.11,Quality,Afternoon,Temporary,1
26.76,0.93,95.77,6.42,3,1.3,0.06,Logistics,Morning,Outsourcing,0
36.13,1.0,93.6,5.72,2,17.3,0.15,Logistics,Night,Temporary,0
15.8,0.96,103.32,1.58,2,29.8,0.02,Production,Afternoon,Outsourcing,0
40.83,0.91,108.11,2.4,3,24.0,0.09,Production,Morning,Temporary,0
17.88,0.99,95.52,3.27,1,21.8,0.12,Maintenance,Night,Permanent,0
28.62,0.96,109.29,3.17,5,3.2,0.0,Maintenance,Afternoon,Permanent,0
8.11,0.96,85.65,8.88,5,26.8,0.13,Quality,Morning,Permanent,0
27.75,0.94,91.95,3.11,5,19.2,0.0,Quality,Night,Permanent,0
31.08,0.9,113.57,5.21,2,5.2,0.17,Production,Night,Temporary,1
37.33,0.92,110.54,3.0,4,19.5,0.13,Quality,Morning,Permanent,0
10.47,0.97,89.24,3.91,5,22.6,0.07,Maintenance,Night,Temporary,1
39.85,0.93,107.23,1.59,2,15.5,0.13,Logistics,Night,Permanent,0
27.45,0.99,96.23,2.24,1,28.8,0.15,Logistics,Morning,Temporary,0
28.87,0.88,101.25,0.0,5,0.0,0.0,Quality,Afternoon,Permanent,0
31.62,0.93,95.42,3.93,4,17.7,0.12,Maintenance,Morning,Temporary,0
16.32,0.94,86.39,2.04,1,10.3,0.09,Quality,Morning,Permanent,0
49.25,0.93,109.09,4.67,3,13.5,0.13,Production,Morning,Permanent,0
51.05,0.92,80.26,2.96,2,14.5,0.11,Production,Night,Permanent,0
39.81,0.91,107.69,4.91,4,8.5,0.17,Maintenance,Morning,Temporary,0
25.95,0.87,111.37,4.01,5,12.8,0.08,Quality,Night,Permanent,0
14.69,0.92,102.93,8.31,5,20.1,0.07,Administration,Afternoon,Permanent,1
25.81,0.99,89.21,8.5,2,12.6,0.07,Logistics,Afternoon,Temporary,1
37.99,0.96,101.61,5.4,4,30.0,0.15,Quality,Morning,Permanent,0
18.39,0.93,106.08,5.11,1,22.9,0.07,Production,Morning,Temporary,0
21.32,0.99,113.61,3.25,2,2.3,0.06,Production,Afternoon,Permanent,1
38.49,0.87,89.61,3.77,2,2.4,0.07,Quality,Morning,Permanent,0
49.41,0.94,95.57,4.03,2,30.0,0.06,Administration,Morning,Permanent,0
38.98,0.94,93.78,3.12,2,16.7,0.08,Logistics,Morning,Temporary,0
25.19,0.96,93.59,6.35,3,27.9,0.09,Administration,Morning,Permanent,0
36.51,0.94,78.04,2.61,1,16.8,0.09,Quality,Night,Permanent,0
32.55,0.98,103.51,5.05,1,15.8,0.17,Production,Morning,Permanent,0
32.98,0.94,119.78,4.34,5,7.1,0.11,Maintenance,Morning,Permanent,0
47.94,0.97,109.41,5.58,4,26.7,0.09,Quality,Afternoon,Permanent,0
20.89,0.96,94.7,3.19,5,21.0,0.14,Production,Morning,Permanent,0
28.4,0.98,96.36,6.39,2,2.3,0.13,Production,Morning,Permanent,0
20.99,0.9,94.3,6.61,3,24.7,0.14,Administration,Morning,Outsourcing,0
51.09,1.0,118.28,3.83,5,26.0,0.11,Quality,Afternoon,Permanent,0
25.97,0.98,101.41,5.4,1,19.1,0.13,Quality,Morning,Outsourcing,0
30.7,0.94,94.83,6.04,1,7.1,0.16,Administration,Afternoon,Temporary,1
21.91,0.96,96.1,5.51,5,14.5,0.01,Maintenance,Morning,Temporary,0
23.88,0.94,106.26,3.59,4,30.0,0.17,Production,Night,Permanent,0
36.26,0.96,114.24,4.65,1,26.0,0.14,Quality,Afternoon,Permanent,0
12.54,0.99,97.06,7.08,4,2.6,0.03,Administration,Morning,Outsourcing,1
27.13,0.92,96.49,4.36,3,25.8,0.12,Quality,Afternoon,Permanent,0
50.66,0.88,108.16,8.35,2,1.3,0.07,Administration,Afternoon,Permanent,1
0.0,0.9,95.71,1.29,1,13.8,0.1,Production,Night,Permanent,1
27.79,0.89,99.64,3.99,3,9.0,0.14,Logistics,Afternoon,Permanent,1
21.47,0.96,85.17,6.31,5,23.6,0.06,Production,Morning,Permanent,0
28.53,0.84,95.01,3.26,2,12.7,0.1,Production,Night,Permanent,1
38.22,0.99,108.23,2.6,4,16.6,0.1,Quality,Afternoon,Permanent,0
27.08,0.91,83.87,5.79,5,20.0,0.07,Quality,Morning,Permanent,0
35.02,0.95,91.8,4.0,4,19.7,0.12,Quality,Morning,Permanent,0
37.34,0.82,114.43,3.94,5,10.2,0.12,Production,Morning,Permanent,0
62.24,1.0,111.59,9.64,2,0.1,0.1,Logistics,Morning,Temporary,0
31.06,0.94,92.3,5.78,2,30.0,0.1,Administration,Afternoon,Temporary,0
33.7,1.0,89.03,2.63,1,9.2,0.03,Logistics,Morning,Temporary,0
22.26,0.91,107.03,3.21,4,0.0,0.09,Production,Afternoon,Permanent,1
18.46,0.98,91.37,6.04,3,28.7,0.07,Production,Afternoon,Temporary,0
39.72,0.93,99.93,5.89,1,25.8,0.15,Logistics,Afternoon,Permanent,0
27.84,0.89,97.6,2.65,1,2.0,0.1,Production,Night,Permanent,1
36.37,0.97,110.49,1.42,1,29.1,0.17,Production,Afternoon,Outsourcing,0
36.53,0.89,99.26,1.78,3,12.8,0.1,Maintenance,Morning,Outsourcing,0
30.09,0.93,100.7,6.57,5,18.5,0.11,Maintenance,Night,Temporary,0
41.83,0.94,80.29,4.43,3,9.2,0.16,Production,Morning,Permanent,1
23.37,0.97,114.85,7.36,2,30.0,0.15,Logistics,Morning,Permanent,0
31.74,0.95,99.4,5.15,2,22.1,0.08,Quality,Morning,Permanent,1
39.08,0.95,100.7,4.82,4,15.9,0.14,Production,Night,Temporary,0
27.11,0.88,99.49,9.07,1,25.8,0.13,Production,Night,Temporary,1
46.76,0.94,105.14,4.11,1,23.6,0.05,Production,Night,Temporary,0
14.68,0.89,96.78,3.49,3,12.7,0.16,Production,Night,Temporary,0
27.25,0.96,88.25,2.78,3,6.2,0.12,Administration,Night,Permanent,1
20.85,0.89,89.31,3.92,1,24.9,0.05,Quality,Morning,Permanent,0
17.29,0.95,110.79,9.84,5,28.5,0.09,Logistics,Morning,Permanent,0
22.35,0.95,99.14,5.9,1,22.6,0.04,Administration,Morning,Permanent,0
38.1,0.99,85.56,2.87,3,4.8,0.14,Logistics,Morning,Temporary,0
21.91,1.0,101.21,4.71,2,13.0,0.09,Quality,Morning,Temporary,0
37.23,0.95,103.41,1.65,4,12.9,0.04,Production,Morning,Permanent,0
28.72,0.93,103.6,7.64,2,15.1,0.14,Production,Afternoon,Temporary,1
17.98,0.94,100.97,6.0,4,30.0,0.06,Administration,Morning,Outsourcing,0
21.07,0.94,110.96,4.61,4,9.7,0.1,Production,Morning,Permanent,0
36.5,0.88,109.62,3.2,3,30.0,0.12,Logistics,Afternoon,Outsourcing,0
19.18,0.97,96.34,5.28,5,13.5,0.01,Logistics,Morning,Permanent,0
34.16,0.94,99.91,7.28,1,12.3,0.15,Production,Morning,Permanent,1
20.75,0.9,94.38,6.45,2,3.6,0.06,Maintenance,Morning,Permanent,1
44.86,0.91,101.99,1.53,2,15.2,0.17,Logistics,Afternoon,Temporary,0
35.25,0.94,85.28,2.74,3,15.8,0.09,Production,Afternoon,Permanent,0
18.24,0.94,99.33,6.03,3,2.2,0.02,Production,Morning,Permanent,1
34.13,1.0,94.13,9.01,5,28.9,0.08,Maintenance,Morning,Temporary,0
24.51,1.0,95.57,4.11,1,5.1,0.08,Production,Morning,Permanent,1
37.24,0.96,105.79,4.1,1,28.9,0.1,Quality,Afternoon,Permanent,0
45.71,0.97,104.26,2.56,4,9.0,0.12,Quality,Morning,Outsourcing,0
38.01,1.0,102.9,7.91,4,22.4,0.06,Maintenance,Morning,Outsourcing,1
27.09,0.9,91.35,5.57,5,6.1,0.04,Quality,Afternoon,Permanent,1
22.26,0.97,94.72,3.0,3,27.7,0.18,Administration,Morning,Outsourcing,1
14.5,1.0,105.45,3.25,5,11.3,0.04,Maintenance,Morning,Outsourcing,0
20.67,0.98,115.78,6.65,4,25.6,0.09,Maintenance,Morning,Permanent,1
27.57,0.99,88.57,3.69,5,28.3,0.08,Production,Morning,Permanent,0
46.14,1.0,113.09,6.24,3,19.5,0.03,Maintenance,Morning,Outsourcing,1
20.12,0.97,101.76,3.05,3,28.1,0.14,Production,Afternoon,Temporary,0
24.09,1.0,94.75,6.52,4,19.3,0.14,Quality,Morning,Permanent,0
29.56,0.87,107.25,8.57,1,8.3,0.15,Production,Morning,Permanent,1
44.67,1.0,96.06,1.28,4,17.3,0.1,Production,Morning,Temporary,0
19.36,0.98,100.52,7.34,1,29.4,0.08,Production,Morning,Outsourcing,1
3.46,0.93,79.64,5.98,2,27.2,0.21,Maintenance,Morning,Temporary,1
24.6,0.95,109.94,3.98,4,11.4,0.11,Administration,Morning,Permanent,0
24.32,0.92,97.23,3.54,3,0.0,0.06,Quality,Afternoon,Permanent,0
36.68,0.92,111.28,6.85,4,22.0,0.06,Logistics,Night,Permanent,0
46.56,0.85,88.76,1.9,2,14.2,0.16,Maintenance,Morning,Permanent,0
24.37,0.92,101.31,6.88,1,3.8,0.16,Production,Afternoon,Permanent,1
28.15,0.87,99.83,5.05,3,17.1,0.09,Quality,Afternoon,Temporary,0
25.51,0.95,91.54,1.12,5,7.4,0.06,Logistics,Night,Permanent,0
36.47,0.92,82.54,4.28,1,8.9,0.02,Quality,Afternoon,Permanent,0
24.93,0.96,93.71,3.82,4,24.7,0.01,Quality,Afternoon,Permanent,0
12.52,1.0,103.83,2.35,3,9.2,0.09,Quality,Morning,Temporary,0
24.84,0.95,80.01,4.04,5,7.9,0.09,Maintenance,Afternoon,Permanent,0
20.52,0.95,101.53,6.06,5,19.1,0.05,Administration,Night,Permanent,0
31.64,0.98,93.5,4.89,5,0.0,0.15,Production,Morning,Permanent,0
17.22,1.0,115.59,0.85,4,7.0,0.1,Logistics,Night,Permanent,0
38.57,0.92,103.81,7.91,4,16.8,0.06,Production,Night,Temporary,0
18.62,1.0,100.5,6.49,5,24.0,0.04,Maintenance,Morning,Permanent,0
33.84,0.97,98.01,5.51,4,20.7,0.12,Logistics,Morning,Temporary,0
23.22,0.99,98.29,2.1,3,9.6,0.18,Maintenance,Morning,Temporary,0
13.95,0.97,123.64,5.29,5,5.2,0.12,Production,Morning,Outsourcing,0
34.31,0.99,103.69,5.13,3,19.0,0.05,Quality,Afternoon,Permanent,0
33.16,0.99,102.93,3.89,1,25.9,0.16,Maintenance,Afternoon,Outsourcing,0
35.14,0.91,93.57,1.77,3,20.0,0.11,Production,Afternoon,Permanent,0
17.99,0.98,98.64,4.52,5,17.9,0.11,Production,Morning,Outsourcing,0
26.76,0.89,107.68,7.1,3,22.6,0.12,Production,Morning,Temporary,1
39.61,0.98,105.52,0.0,2,26.4,0.21,Production,Morning,Outsourcing,0
24.15,0.95,89.37,6.54,4,19.5,0.05,Maintenance,Morning,Temporary,0
11.73,0.87,112.81,5.76,5,0.4,0.2,Production,Morning,Outsourcing,0
45.23,1.0,110.58,4.17,5,24.5,0.04,Quality,Morning,Outsourcing,0
28.56,0.91,114.29,1.18,4,21.7,0.1,Production,Afternoon,Temporary,0
34.54,0.93,109.54,4.85,1,18.5,0.1,Logistics,Morning,Permanent,0
23.94,1.0,92.22,2.95,1,28.5,0.13,Production,Night,Permanent,0
36.71,0.95,89.65,5.95,4,15.4,0.12,Quality,Night,Temporary,0
20.09,0.94,96.88,5.35,3,1.3,0.1,Production,Night,Temporary,1
23.38,0.83,113.46,5.67,2,7.8,0.09,Production,Afternoon,Permanent,0
37.3,0.91,110.76,4.17,1,11.9,0.14,Production,Morning,Outsourcing,0
39.4,0.95,89.3,1.3,5,15.3,0.23,Production,Morning,Outsourcing,0
37.31,0.98,95.66,4.15,1,16.2,0.09,Maintenance,Night,Temporary,1
36.32,0.87,100.88,5.95,5,13.9,0.06,Production,Afternoon,Permanent,0
30.2,0.88,112.8,6.33,3,13.6,0.02,Administration,Afternoon,Permanent,0
34.58,1.0,119.9,9.96,3,29.8,0.16,Logistics,Night,Permanent,0
18.99,0.97,92.93,8.66,3,1.8,0.11,Maintenance,Morning,Permanent,0
30.11,1.0,96.02,6.85,3,22.0,0.1,Quality,Morning,Permanent,0
43.74,0.93,106.06,3.69,4,15.7,0.12,Production,Morning,Permanent,0
19.04,1.0,112.59,7.24,2,12.8,0.08,Administration,Morning,Permanent,0
40.74,0.97,104.34,5.73,5,27.3,0.26,Quality,Morning,Permanent,0
44.61,0.88,109.71,6.6,4,14.9,0.1,Production,Night,Permanent,0
39.11,0.98,95.65,5.91,3,14.1,0.05,Production,Morning,Temporary,1
37.51,0.91,82.77,9.67,3,3.9,0.2,Production,Morning,Temporary,0
24.94,0.91,107.01,4.38,3,9.5,0.1,Quality,Afternoon,Temporary,0
26.13,0.95,92.44,5.07,5,2.1,0.09,Quality,Morning,Permanent,0
41.27,1.0,123.3,4.03,2,13.2,0.07,Administration,Morning,Outsourcing,0
20.67,0.94,97.2,6.08,5,24.8,0.08,Logistics,Morning,Temporary,1
40.9,0.96,88.29,5.74,1,15.2,0.09,Production,Afternoon,Permanent,0
24.57,0.99,84.77,8.39,1,16.6,0.11,Production,Morning,Permanent,1
24.1,0.96,116.24,4.89,4,4.1,0.1,Production,Morning,Permanent,0
23.0,0.85,94.55,4.62,3,22.5,0.08,Production,Morning,Permanent,0
26.36,0.9,99.0,8.44,1,24.0,0.03,Production,Morning,Temporary,1
29.98,0.97,117.54,5.67,2,4.0,0.18,Production,Morning,Permanent,1
26.9,0.96,109.42,5.34,4,12.8,0.13,Production,Afternoon,Temporary,0
11.32,0.87,99.55,6.45,5,3.1,0.19,Production,Morning,Outsourcing,0
30.86,0.95,89.63,4.51,1,2.7,0.04,Maintenance,Morning,Permanent,0
35.81,0.99,120.21,4.0,1,12.5,0.18,Production,Morning,Permanent,0
30.32,0.94,105.4,5.27,4,1.4,0.11,Production,Night,Permanent,0
22.9,0.95,96.65,9.66,2,1.6,0.15,Production,Morning,Permanent,1
33.94,0.98,96.17,5.17,2,30.0,0.06,Quality,Afternoon,Permanent,0
24.12,1.0,94.85,2.99,2,28.1,0.07,Quality,Night,Temporary,0
33.3,0.83,116.67,0.92,4,18.6,0.0,Production,Morning,Permanent,0
40.26,0.98,118.37,7.78,4,23.4,0.0,Maintenance,Morning,Outsourcing,0
51.46,0.88,113.34,1.28,4,12.6,0.09,Quality,Afternoon,Temporary,0
29.91,0.92,114.34,5.05,4,7.6,0.04,Logistics,Morning,Permanent,0
21.81,0.99,91.26,4.53,5,1.3,0.08,Administration,Morning,Temporary,1
30.19,0.9,121.08,6.26,2,17.7,0.19,Maintenance,Morning,Outsourcing,0
21.72,0.84,110.42,2.82,2,25.6,0.1,Logistics,Afternoon,Permanent,0
34.77,1.0,99.52,5.08,1,11.6,0.13,Production,Night,Permanent,0
18.52,0.99,95.44,6.08,2,20.3,0.08,Logistics,Night,Permanent,0
44.06,0.89,103.62,1.84,3,21.2,0.15,Quality,Morning,Permanent,0
20.68,0.97,106.25,3.21,1,22.7,0.11,Production,Morning,Permanent,0
50.76,1.0,116.66,2.95,5,20.4,0.1,Quality,Morning,Temporary,0
25.99,0.98,106.05,9.0,4,6.8,0.16,Production,Morning,Permanent,1
26.76,1.0,105.15,7.04,3,26.1,0.14,Production,Morning,Permanent,1
35.45,0.88,126.92,6.8,1,14.2,0.05,Administration,Afternoon,Permanent,0
41.68,0.94,96.61,5.19,3,25.5,0.02,Maintenance,Afternoon,Permanent,0
41.02,0.97,113.69,5.59,2,4.9,0.04,Quality,Afternoon,Permanent,0
35.66,0.99,99.9,5.46,3,14.1,0.07,Quality,Night,Outsourcing,0
31.84,0.99,94.32,6.21,4,23.7,0.0,Production,Night,Temporary,0
19.44,0.89,106.26,3.4,1,21.0,0.08,Administration,Afternoon,Permanent,1
49.72,0.94,114.34,5.79,2,26.1,0.1,Production,Night,Permanent,1
17.59,1.0,110.62,8.23,4,2.1,0.14,Quality,Afternoon,Temporary,0
33.67,0.94,76.29,5.95,4,2.5,0.12,Quality,Afternoon,Permanent,0
19.88,0.94,104.95,7.84,2,22.0,0.02,Production,Morning,Permanent,0
24.69,0.87,91.47,6.91,3,11.2,0.01,Quality,Morning,Permanent,0
19.52,0.85,109.58,5.97,2,4.0,0.1,Maintenance,Afternoon,Permanent,0
12.17,0.91,99.82,2.46,5,11.6,0.07,Administration,Morning,Permanent,0
27.26,1.0,90.48,5.58,4,4.0,0.17,Production,Morning,Permanent,1
23.27,0.96,91.01,6.11,5,4.1,0.08,Quality,Morning,Permanent,1
36.46,0.94,102.26,9.66,2,30.0,0.1,Production,Morning,Temporary,0
38.07,1.0,86.17,0.0,2,0.3,0.18,Production,Morning,Permanent,1
59.72,0.9,91.46,7.03,1,8.1,0.11,Quality,Morning,Temporary,0
36.78,0.95,89.59,1.51,4,1.9,0.23,Production,Morning,Outsourcing,0
32.22,0.86,109.2,2.1,5,2.1,0.1,Quality,Afternoon,Temporary,0
25.21,0.92,93.26,4.4,5,28.2,0.08,Quality,Night,Outsourcing,1
34.57,0.89,125.93,8.05,2,26.1,0.05,Logistics,Morning,Permanent,0
39.34,0.92,85.53,4.94,4,0.0,0.03,Production,Morning,Temporary,0
11.39,0.91,107.71,6.0,4,22.0,0.12,Maintenance,Night,Temporary,0
43.29,0.88,104.89,6.7,1,16.5,0.08,Quality,Night,Temporary,0
27.91,0.88,86.6,5.21,3,0.0,0.0,Production,Night,Outsourcing,0
47.97,0.99,109.52,5.88,1,28.3,0.15,Logistics,Afternoon,Outsourcing,1
41.44,0.8,105.18,6.3,5,27.5,0.08,Production,Afternoon,Permanent,0
43.99,0.87,92.88,3.89,5,27.5,0.13,Production,Afternoon,Temporary,0
20.39,0.93,101.69,4.97,3,3.1,0.18,Quality,Morning,Permanent,1
34.49,0.91,83.02,6.5,2,13.7,0.12,Administration,Morning,Temporary,1
37.65,0.9,109.25,6.18,5,17.2,0.09,Production,Afternoon,Permanent,0
28.59,0.86,97.36,9.33,1,30.0,0.15,Production,Night,Temporary,1
26.66,0.9,101.58,6.88,3,1.4,0.16,Maintenance,Afternoon,Permanent,1
31.56,0.84,86.72,2.61,1,18.6,0.1,Administration,Night,Permanent,1
35.51,0.93,106.06,4.14,5,14.5,0.12,Quality,Morning,Outsourcing,0
27.37,0.98,92.3,7.25,4,13.6,0.15,Quality,Morning,Permanent,0
32.81,0.93,76.76,4.5,5,3.5,0.19,Quality,Night,Permanent,1
34.02,0.97,88.76,4.2,3,26.3,0.16,Logistics,Morning,Temporary,0
34.57,0.96,113.54,4.33,5,2.3,0.04,Maintenance,Night,Permanent,0
40.6,0.99,90.5,6.18,1,6.5,0.04,Quality,Morning,Temporary,1
36.19,0.97,102.82,5.96,4,0.2,0.12,Administration,Afternoon,Permanent,0
36.19,0.91,100.99,7.26,1,9.6,0.04,Maintenance,Afternoon,Outsourcing,0
6.61,0.86,94.93,4.56,4,11.5,0.15,Quality,Afternoon,Temporary,1
28.08,0.96,111.79,6.78,3,9.7,0.12,Maintenance,Night,Permanent,0
26.11,0.91,77.27,7.13,3,6.4,0.11,Administration,Morning,Permanent,1
34.3,0.95,70.33,0.96,4,12.4,0.15,Administration,Morning,Permanent,0
35.14,0.95,66.27,3.48,1,29.9,0.12,Production,Morning,Permanent,1
24.04,0.98,110.65,3.61,2,15.0,0.1,Logistics,Morning,Temporary,0
22.9,0.96,107.74,5.73,3,23.5,0.02,Quality,Morning,Permanent,1
33.35,0.98,92.42,4.24,4,5.2,0.14,Logistics,Morning,Permanent,0
53.59,0.93,86.85,8.08,4,2.6,0.02,Quality,Morning,Outsourcing,0
19.29,0.95,96.98,2.13,2,18.0,0.16,Production,Morning,Temporary,1
29.06,0.97,87.35,1.12,3,5.0,0.11,Production,Morning,Outsourcing,0
52.16,0.96,89.68,6.13,5,19.3,0.06,Logistics,Afternoon,Temporary,0
10.33,0.98,116.35,3.31,5,7.2,0.11,Production,Morning,Outsourcing,1
24.24,0.99,90.9,0.5,1,2.0,0.14,Administration,Afternoon,Permanent,0
43.51,0.93,104.25,3.35,1,23.9,0.15,Logistics,Morning,Temporary,0
33.9,0.92,84.27,4.09,2,27.4,0.16,Logistics,Morning,Permanent,0
36.06,0.91,101.02,0.0,5,9.6,0.09,Maintenance,Morning,Permanent,0
42.38,0.97,89.62,4.15,2,26.0,0.17,Logistics,Morning,Temporary,0
48.37,0.87,80.47,5.1,1,0.0,0.09,Production,Morning,Permanent,1
48.64,1.0,86.73,2.94,2,0.0,0.13,Quality,Morning,Permanent,0
22.03,1.0,102.02,4.95,2,22.1,0.21,Quality,Morning,Outsourcing,0
21.94,0.93,108.12,3.74,2,4.3,0.07,Production,Afternoon,Permanent,1
34.21,1.0,109.43,11.76,4,0.8,0.06,Administration,Morning,Permanent,1
20.33,0.97,83.26,3.59,5,15.3,0.12,Maintenance,Morning,Permanent,0
31.12,0.95,107.33,8.16,1,14.0,0.16,Production,Afternoon,Temporary,1
31.52,0.87,113.6,4.81,3,30.0,0.07,Production,Morning,Outsourcing,0
3.55,1.0,120.14,0.74,4,21.7,0.18,Quality,Morning,Temporary,0
40.44,0.98,71.45,6.93,3,24.7,0.07,Quality,Night,Outsourcing,0
28.76,1.0,94.52,6.63,1,10.6,0.09,Quality,Afternoon,Outsourcing,1
18.93,0.98,121.46,0.26,4,15.0,0.12,Logistics,Night,Permanent,0
24.75,0.98,95.04,3.35,1,0.0,0.09,Quality,Morning,Permanent,1
19.34,0.85,112.72,5.52,4,17.2,0.13,Administration,Night,Permanent,1
9.1,0.97,99.96,3.78,5,13.3,0.1,Production,Night,Permanent,0
16.24,0.96,78.47,4.25,3,13.1,0.1,Production,Night,Permanent,0
18.77,0.88,103.78,3.85,3,13.1,0.08,Quality,Morning,Permanent,1
23.76,0.84,83.8,6.7,1,29.1,0.19,Quality,Morning,Permanent,0
25.06,1.0,77.47,5.08,5,26.0,0.22,Maintenance,Night,Temporary,0
9.34,0.89,100.65,1.36,2,13.3,0.14,Maintenance,Morning,Permanent,1
34.64,0.89,100.81,4.08,5,28.9,0.21,Quality,Afternoon,Permanent,0
45.79,0.91,111.64,2.76,4,25.2,0.1,Production,Morning,Temporary,0
15.94,0.9,114.15,5.21,4,3.3,0.06,Maintenance,Night,Permanent,0
52.22,0.96,99.66,6.33,2,3.3,0.09,Administration,Morning,Permanent,0
43.08,0.93,112.27,4.71,3,14.4,0.1,Production,Morning,Temporary,0
40.25,0.98,94.6,8.21,2,12.8,0.18,Quality,Morning,Permanent,0
23.71,0.85,96.82,9.9,5,18.3,0.18,Quality,Afternoon,Temporary,1
17.98,0.87,95.19,5.48,1,17.7,0.03,Quality,Morning,Permanent,0
35.48,0.98,99.94,2.27,4,20.4,0.11,Logistics,Night,Temporary,0
29.29,0.97,117.03,3.36,1,23.4,0.06,Quality,Afternoon,Permanent,0
55.74,0.96,108.41,8.79,2,0.4,0.11,Logistics,Morning,Temporary,0
29.33,0.99,118.82,6.6,2,5.8,0.14,Administration,Morning,Permanent,0
32.48,0.92,86.73,3.24,1,30.0,0.07,Quality,Morning,Permanent,0
29.6,0.9,87.15,5.66,1,30.0,0.05,Administration,Morning,Permanent,0
20.06,0.94,86.33,4.94,1,30.0,0.01,Maintenance,Afternoon,Permanent,0
43.02,0.94,98.18,0.67,3,11.0,0.14,Logistics,Morning,Permanent,0
36.71,0.89,102.06,2.99,3,8.0,0.14,Quality,Night,Temporary,1
32.19,0.93,106.99,5.22,1,2.5,0.1,Production,Morning,Permanent,0
30.36,0.97,104.02,6.1,1,30.0,0.1,Production,Morning,Outsourcing,1
33.43,0.92,83.32,3.42,4,3.9,0.12,Production,Night,Permanent,0
36.62,0.95,84.37,4.69,5,14.1,0.04,Quality,Night,Outsourcing,0
17.53,1.0,95.11,7.12,4,1.8,0.09,Maintenance,Morning,Permanent,1
13.23,0.92,97.3,1.15,1,2.5,0.11,Logistics,Afternoon,Outsourcing,0
27.46,0.99,90.04,3.33,4,21.9,0.03,Production,Afternoon,Outsourcing,0
36.53,0.98,100.74,3.48,3,10.5,0.18,Administration,Afternoon,Permanent,0
31.17,0.89,98.85,5.02,2,15.5,0.09,Logistics,Night,Permanent,0
37.89,1.0,115.61,2.15,5,27.7,0.13,Production,Morning,Temporary,1
31.4,0.98,80.85,7.82,5,15.9,0.15,Logistics,Afternoon,Permanent,0
29.67,0.93,81.11,2.72,5,27.5,0.08,Production,Morning,Permanent,0
15.98,0.96,93.52,7.48,4,17.0,0.11,Production,Afternoon,Temporary,1
29.73,0.93,114.8,3.88,5,25.1,0.11,Maintenance,Morning,Outsourcing,0
29.56,0.94,78.88,0.0,3,14.2,0.13,Administration,Morning,Permanent,0
28.58,0.89,119.27,5.44,1,2.8,0.08,Production,Morning,Outsourcing,1
21.63,0.93,93.63,6.94,3,20.2,0.07,Production,Afternoon,Temporary,1
42.04,0.97,103.65,2.04,5,27.6,0.13,Logistics,Afternoon,Temporary,0
37.05,0.99,97.91,4.75,3,14.9,0.04,Quality,Night,Outsourcing,0
49.76,1.0,115.38,3.44,3,0.0,0.1,Production,Afternoon,Permanent,0
13.82,0.99,91.69,4.61,1,2.8,0.08,Quality,Afternoon,Permanent,0
52.56,0.85,123.61,4.82,3,0.5,0.07,Quality,Morning,Temporary,0
30.98,0.96,102.78,8.05,3,13.2,0.15,Production,Afternoon,Temporary,0
41.17,0.89,107.35,3.34,4,27.3,0.15,Production,Morning,Permanent,0
19.11,0.97,104.45,2.79,2,7.4,0.09,Administration,Morning,Temporary,0
30.06,0.88,101.42,5.85,5,15.8,0.11,Production,Morning,Permanent,1
25.13,0.91,103.53,4.36,4,28.6,0.09,Logistics,Morning,Temporary,0
18.8,0.95,107.87,5.97,5,16.7,0.03,Quality,Night,Permanent,0
43.62,0.97,101.64,2.93,2,29.2,0.1,Production,Morning,Permanent,0
32.31,0.94,104.5,7.28,3,20.1,0.12,Quality,Morning,Outsourcing,0
28.02,0.95,126.5,4.86,1,30.0,0.13,Maintenance,Afternoon,Temporary,0
36.17,1.0,92.43,5.32,4,29.0,0.14,Maintenance,Morning,Permanent,0
17.35,0.94,104.41,4.35,4,16.3,0.13,Production,Morning,Temporary,0
24.7,0.97,105.37,4.08,5,3.0,0.19,Maintenance,Afternoon,Permanent,0
33.72,0.92,109.74,3.9,1,8.0,0.09,Quality,Morning,Temporary,1
17.08,1.0,106.02,5.84,2,5.5,0.08,Logistics,Night,Permanent,1
41.89,0.98,106.86,6.97,2,5.4,0.08,Quality,Afternoon,Permanent,0
47.26,0.98,99.62,3.31,5,22.6,0.17,Production,Afternoon,Permanent,0
17.86,1.0,94.17,7.82,3,15.3,0.12,Quality,Morning,Permanent,0
31.63,0.93,103.36,5.73,3,26.8,0.17,Logistics,Morning,Permanent,0
41.02,1.0,82.98,3.83,2,15.1,0.04,Production,Morning,Temporary,1
16.33,0.98,111.84,3.34,3,9.9,0.17,Logistics,Night,Temporary,0
22.31,1.0,103.64,2.58,2,12.5,0.08,Logistics,Afternoon,Permanent,0
37.72,0.86,107.75,6.43,5,13.8,0.08,Quality,Morning,Permanent,0
20.94,0.96,90.5,6.18,4,0.0,0.11,Quality,Afternoon,Permanent,0
43.15,0.97,91.36,4.21,3,0.0,0.04,Production,Morning,Temporary,0
15.37,0.88,74.98,6.45,2,23.6,0.12,Administration,Morning,Permanent,0
20.52,0.98,107.97,2.4,1,0.0,0.15,Maintenance,Afternoon,Permanent,0
18.14,0.95,100.67,4.86,1,19.1,0.03,Logistics,Morning,Outsourcing,1
43.7,0.97,119.17,3.51,4,9.4,0.14,Maintenance,Afternoon,Temporary,0
45.79,0.92,104.08,5.55,1,14.0,0.12,Production,Morning,Temporary,0
40.28,0.86,90.89,7.25,2,21.6,0.18,Production,Afternoon,Permanent,0
36.25,0.99,97.91,4.6,2,28.0,0.17,Maintenance,Afternoon,Permanent,0
11.98,0.96,94.08,4.22,1,2.0,0.06,Production,Morning,Outsourcing,1
39.09,0.9,112.95,4.38,2,10.3,0.1,Production,Morning,Outsourcing,0
26.31,0.88,102.71,6.47,5,26.1,0.03,Logistics,Morning,Permanent,0
28.15,0.98,99.3,5.88,3,13.9,0.12,Production,Morning,Permanent,1
38.34,1.0,107.8,3.76,1,4.6,0.01,Production,Night,Permanent,0
19.88,0.92,111.52,4.24,1,21.4,0.05,Quality,Morning,Temporary,0
31.33,0.95,104.4,3.46,3,14.0,0.12,Production,Morning,Permanent,0
34.96,0.99,110.94,6.12,1,16.2,0.07,Maintenance,Afternoon,Permanent,0
25.57,0.96,115.1,3.18,5,16.1,0.12,Production,Afternoon,Permanent,0
35.02,0.9,92.66,5.92,3,8.7,0.06,Quality,Morning,Outsourcing,1
20.42,0.97,99.97,7.31,5,12.3,0.14,Production,Afternoon,Outsourcing,0
32.96,0.97,108.65,7.9,4,16.0,0.1,Logistics,Morning,Outsourcing,0
24.77,0.95,82.58,1.22,4,19.5,0.15,Production,Morning,Permanent,0
35.01,0.84,86.43,0.78,3,13.7,0.13,Quality,Afternoon,Temporary,0
27.65,0.97,121.32,6.97,3,29.2,0.14,Logistics,Morning,Permanent,0
24.61,0.91,97.81,5.31,2,12.8,0.12,Administration,Morning,Permanent,1
29.59,0.99,103.26,7.3,1,23.1,0.12,Production,Morning,Outsourcing,1
28.61,0.9,79.39,1.77,4,0.0,0.14,Production,Afternoon,Outsourcing,1
23.48,0.86,99.0,5.4,4,21.0,0.14,Production,Afternoon,Permanent,0
13.34,0.95,98.4,6.56,1,9.4,0.05,Logistics,Night,Temporary,1
22.73,0.9,104.02,3.28,3,20.2,0.09,Production,Night,Temporary,1
31.35,0.95,96.06,4.29,4,15.2,0.1,Maintenance,Afternoon,Permanent,0
30.02,0.98,113.91,4.81,4,25.9,0.11,Production,Night,Permanent,0
50.96,0.97,109.18,4.64,5,10.7,0.24,Production,Morning,Temporary,1
19.11,0.98,103.03,8.99,4,12.1,0.16,Maintenance,Morning,Permanent,0
39.7,0.86,92.15,4.45,5,24.1,0.04,Production,Night,Temporary,0
28.89,0.97,96.38,5.8,3,20.9,0.12,Production,Morning,Permanent,0
50.73,0.9,102.55,9.71,5,6.1,0.16,Production,Night,Outsourcing,0
39.29,0.93,102.08,8.7,2,0.0,0.06,Production,Afternoon,Temporary,1
35.64,0.99,99.06,1.32,1,8.5,0.06,Production,Night,Permanent,1
41.69,0.98,96.08,5.36,5,11.1,0.03,Production,Morning,Permanent,0
37.43,1.0,107.9,6.55,4,6.0,0.13,Quality,Afternoon,Outsourcing,0
17.65,0.9,96.23,5.35,3,27.0,0.12,Quality,Afternoon,Permanent,0
25.49,0.99,108.7,5.81,5,28.3,0.1,Production,Morning,Permanent,0
22.23,1.0,94.13,7.25,5,5.5,0.11,Quality,Morning,Permanent,0
31.84,0.93,103.79,5.11,2,5.8,0.13,Maintenance,Morning,Permanent,0
39.68,0.94,107.4,7.34,3,0.0,0.2,Quality,Afternoon,Outsourcing,1
42.13,0.9,100.9,6.9,5,14.2,0.09,Quality,Morning,Permanent,0
18.75,0.9,108.72,3.73,4,12.8,0.17,Production,Night,Permanent,0
34.69,0.95,77.51,2.53,4,4.9,0.07,Logistics,Night,Temporary,1
25.65,0.99,105.89,4.69,4,10.6,0.12,Production,Morning,Permanent,1
29.07,0.99,117.27,7.19,5,8.7,0.02,Production,Afternoon,Temporary,1
49.11,0.99,94.05,6.81,2,18.0,0.1,Production,Afternoon,Permanent,0
31.77,0.88,93.97,6.05,4,27.7,0.12,Production,Morning,Permanent,0
40.05,1.0,100.5,5.66,2,23.7,0.06,Production,Afternoon,Permanent,0
40.91,0.91,94.85,4.29,4,28.1,0.11,Production,Afternoon,Temporary,0
30.38,0.94,92.2,6.31,3,0.3,0.07,Logistics,Night,Permanent,1
50.67,0.8,89.25,6.02,5,0.8,0.07,Production,Afternoon,Permanent,0
40.63,0.99,91.6,3.99,3,6.7,0.03,Logistics,Night,Temporary,1
35.64,0.93,91.14,2.37,5,26.4,0.13,Quality,Afternoon,Permanent,0
32.16,0.9,96.49,5.19,1,30.0,0.15,Logistics,Afternoon,Permanent,0
37.85,1.0,105.84,3.23,4,22.0,0.1,Logistics,Night,Permanent,0
30.17,0.96,114.2,4.19,4,20.1,0.07,Logistics,Afternoon,Outsourcing,0
26.79,0.94,85.8,4.82,4,23.0,0.1,Production,Afternoon,Permanent,0
21.01,0.96,129.1,3.76,2,12.8,0.15,Production,Afternoon,Outsourcing,0
30.39,0.88,104.47,3.73,4,24.1,0.13,Production,Afternoon,Permanent,0
35.16,0.96,104.95,5.87,5,16.9,0.08,Maintenance,Night,Permanent,0
40.8,0.87,120.75,7.88,3,5.5,0.07,Production,Morning,Temporary,1
25.71,0.89,111.45,5.81,1,2.5,0.1,Production,Morning,Outsourcing,1
26.85,0.99,112.77,9.23,4,7.3,0.06,Production,Afternoon,Permanent,0
26.18,0.99,103.5,2.25,4,26.3,0.16,Production,Afternoon,Permanent,0
22.77,0.89,99.18,6.56,4,19.6,0.06,Maintenance,Night,Outsourcing,0
26.96,0.92,116.49,3.78,1,30.0,0.11,Quality,Morning,Permanent,1
21.96,0.98,112.42,5.41,4,16.7,0.1,Logistics,Afternoon,Permanent,0
39.51,0.93,90.32,4.69,1,27.1,0.18,Production,Morning,Outsourcing,1
59.07,0.99,99.17,5.8,3,24.6,0.19,Production,Morning,Temporary,0
21.24,0.99,99.74,4.46,4,11.9,0.07,Administration,Morning,Permanent,0
20.71,0.94,80.47,1.97,3,12.5,0.17,Logistics,Afternoon,Temporary,1
17.15,0.95,93.32,0.24,2,15.7,0.13,Production,Afternoon,Temporary,0
31.37,1.0,85.34,5.81,3,12.2,0.08,Maintenance,Night,Permanent,0
30.28,0.93,105.39,5.16,3,30.0,0.01,Production,Morning,Permanent,1
27.88,0.95,91.78,5.95,5,22.1,0.04,Production,Morning,Temporary,1
27.95,0.92,89.75,4.61,1,5.3,0.14,Production,Morning,Temporary,1
40.79,0.93,98.62,8.0,2,18.4,0.14,Production,Morning,Permanent,1
27.52,0.95,104.84,1.65,4,30.0,0.0,Production,Morning,Temporary,0
24.66,0.91,96.89,5.89,4,29.6,0.07,Production,Night,Permanent,0
31.19,1.0,84.28,1.63,2,16.3,0.06,Maintenance,Morning,Permanent,0
25.24,0.89,120.7,2.76,5,28.1,0.18,Logistics,Morning,Permanent,0
33.0,1.0,111.76,0.81,5,22.4,0.11,Quality,Afternoon,Outsourcing,0
26.21,0.95,96.36,3.87,3,5.0,0.13,Production,Afternoon,Outsourcing,0
33.95,0.98,107.07,5.83,1,12.0,0.11,Maintenance,Afternoon,Permanent,0
46.12,1.0,92.41,4.6,4,23.1,0.04,Administration,Morning,Permanent,0
27.46,0.94,101.69,3.48,5,26.8,0.02,Quality,Night,Permanent,0
32.55,0.93,99.51,4.65,1,0.0,0.22,Administration,Morning,Temporary,1
17.44,0.97,101.37,1.45,1,4.8,0.02,Quality,Night,Permanent,1
12.38,0.9,108.91,5.85,3,14.6,0.09,Production,Afternoon,Temporary,0
33.52,0.97,113.88,5.91,5,17.2,0.21,Quality,Morning,Temporary,1
18.4,0.92,129.0,3.45,1,15.5,0.04,Production,Afternoon,Permanent,0
33.94,0.86,94.37,6.11,2,24.9,0.14,Production,Afternoon,Permanent,0
19.74,0.97,90.57,6.61,2,5.0,0.16,Production,Afternoon,Permanent,1
23.4,0.93,98.72,5.12,5,14.7,0.15,Quality,Night,Outsourcing,0
11.85,0.95,87.95,7.53,3,14.3,0.1,Production,Night,Permanent,0
13.67,0.86,100.52,5.16,3,15.2,0.0,Maintenance,Night,Temporary,0
41.44,0.89,102.51,6.4,2,25.1,0.01,Maintenance,Afternoon,Temporary,0
23.83,1.0,103.09,6.82,4,12.6,0.12,Maintenance,Afternoon,Outsourcing,1
40.39,1.0,113.28,7.62,5,0.0,0.1,Administration,Morning,Permanent,0
24.8,0.96,94.79,8.4,1,4.9,0.13,Logistics,Morning,Permanent,1
42.55,0.96,107.98,5.65,4,21.9,0.09,Administration,Afternoon,Permanent,0
36.82,0.97,86.87,5.64,2,18.2,0.13,Maintenance,Afternoon,Permanent,1
35.11,1.0,107.44,8.02,5,25.5,0.17,Production,Morning,Temporary,0
30.38,1.0,91.47,2.47,4,22.9,0.06,Production,Morning,Permanent,0
13.29,0.89,108.98,7.67,5,9.1,0.04,Logistics,Afternoon,Permanent,1
26.23,0.94,116.87,4.8,5,12.3,0.1,Maintenance,Morning,Temporary,0
48.5,0.93,111.15,0.48,2,0.0,0.11,Production,Morning,Permanent,0
14.4,0.92,107.3,5.09,1,6.9,0.16,Production,Morning,Temporary,1
24.31,0.98,91.59,2.64,4,15.8,0.06,Administration,Morning,Outsourcing,0
15.57,0.96,122.84,6.29,2,27.0,0.04,Maintenance,Afternoon,Permanent,0
26.48,0.98,107.84,6.75,4,20.2,0.12,Production,Afternoon,Permanent,0
8.84,0.89,102.59,6.7,5,26.0,0.09,Production,Afternoon,Permanent,0
40.63,0.91,107.69,7.06,2,15.1,0.06,Production,Morning,Permanent,0
22.93,0.92,80.87,2.98,5,9.5,0.04,Administration,Afternoon,Permanent,0
9.18,0.9,95.96,2.94,1,23.5,0.13,Production,Morning,Temporary,0
26.63,0.83,107.32,6.2,1,6.6,0.2,Logistics,Afternoon,Permanent,1
29.04,1.0,102.35,4.84,1,24.8,0.1,Production,Morning,Permanent,0
30.18,0.87,88.55,4.45,2,20.0,0.0,Logistics,Morning,Permanent,0
31.8,1.0,83.0,4.55,3,8.5,0.11,Logistics,Night,Permanent,0
27.07,1.0,98.9,3.21,1,29.0,0.08,Production,Afternoon,Temporary,0
10.22,0.93,95.39,7.35,3,13.2,0.02,Production,Morning,Temporary,1
40.16,0.88,114.26,3.12,4,12.7,0.13,Production,Night,Temporary,0
44.44,0.98,110.0,6.12,2,0.0,0.11,Administration,Night,Temporary,1
5.69,0.92,108.09,5.34,5,18.7,0.15,Production,Morning,Permanent,1
29.24,0.86,95.75,4.61,1,9.7,0.2,Quality,Night,Outsourcing,0
10.99,0.92,101.08,2.04,4,29.1,0.15,Production,Night,Permanent,1
27.18,0.95,93.3,2.85,2,0.1,0.08,Production,Morning,Permanent,1
27.62,1.0,91.96,1.64,1,4.6,0.02,Logistics,Morning,Temporary,0
39.69,0.89,109.67,5.48,3,27.9,0.1,Production,Afternoon,Temporary,0
18.65,1.0,115.28,6.1,1,6.9,0.14,Production,Afternoon,Temporary,1
34.53,0.94,106.56,2.72,5,16.9,0.12,Quality,Afternoon,Outsourcing,0
29.89,1.0,107.32,5.63,2,18.0,0.18,Logistics,Afternoon,Temporary,0
35.42,0.99,103.47,4.41,4,12.3,0.13,Logistics,Morning,Permanent,0
31.44,0.96,98.02,3.48,2,19.0,0.08,Logistics,Afternoon,Permanent,0
42.39,0.96,93.89,5.95,5,10.9,0.1,Production,Morning,Temporary,0
37.49,0.93,112.87,6.57,5,15.8,0.08,Administration,Afternoon,Temporary,0
21.11,0.96,95.14,4.26,5,2.8,0.16,Production,Morning,Permanent,0
26.53,0.84,88.84,5.66,3,2.3,0.14,Administration,Afternoon,Permanent,1
20.4,0.89,99.8,4.63,1,21.5,0.11,Production,Morning,Temporary,0
33.96,0.96,104.07,4.73,1,18.6,0.08,Production,Night,Permanent,0
25.97,0.92,102.17,5.71,5,20.4,0.08,Logistics,Morning,Temporary,1
38.42,0.88,91.65,5.68,5,17.5,0.12,Maintenance,Night,Permanent,0
7.83,0.97,85.69,4.68,2,15.9,0.22,Logistics,Morning,Permanent,0
33.5,0.99,93.82,5.57,5,3.0,0.06,Maintenance,Morning,Permanent,0
23.14,0.82,117.52,4.63,3,15.8,0.09,Production,Night,Temporary,1
23.41,0.98,95.16,4.91,4,3.2,0.09,Quality,Morning,Permanent,1
19.57,0.99,102.4,4.35,5,28.9,0.16,Maintenance,Afternoon,Permanent,0
33.12,0.95,92.8,2.62,4,22.6,0.02,Quality,Afternoon,Permanent,0
22.11,0.94,109.58,4.72,4,5.3,0.06,Production,Morning,Permanent,1
63.93,0.94,98.91,6.86,1,3.0,0.0,Production,Morning,Outsourcing,1
41.37,1.0,99.61,6.61,1,16.9,0.03,Production,Afternoon,Permanent,0
34.68,0.98,121.97,6.07,5,20.7,0.1,Quality,Afternoon,Temporary,0
41.53,0.94,98.91,3.85,2,5.8,0.11,Production,Morning,Permanent,1
33.03,0.97,97.61,5.87,4,24.1,0.08,Production,Morning,Permanent,0
20.75,0.94,88.9,4.01,1,11.3,0.08,Production,Night,Permanent,1
25.33,1.0,104.03,7.55,4,28.2,0.07,Production,Afternoon,Temporary,0
28.31,0.89,90.45,5.4,3,11.8,0.09,Production,Morning,Outsourcing,0
29.21,0.9,90.45,5.8,1,19.4,0.13,Administration,Afternoon,Permanent,1
21.37,0.98,90.3,1.37,1,22.6,0.06,Administration,Night,Permanent,0
11.47,0.89,83.83,6.35,1,0.0,0.08,Production,Afternoon,Permanent,1
28.69,0.92,83.13,1.67,4,17.8,0.15,Quality,Morning,Permanent,0
32.15,0.88,110.0,1.99,5,4.9,0.12,Quality,Afternoon,Temporary,0
40.71,0.98,71.28,7.0,3,8.1,0.02,Logistics,Morning,Permanent,1
20.95,1.0,98.95,3.22,2,13.2,0.12,Production,Afternoon,Permanent,0
35.39,0.97,113.76,2.37,3,6.8,0.12,Production,Afternoon,Permanent,0
25.21,0.93,91.64,6.19,2,12.0,0.09,Maintenance,Night,Temporary,1
35.73,0.92,116.13,5.58,5,12.1,0.11,Production,Afternoon,Temporary,0
8.88,1.0,92.68,6.33,5,16.6,0.14,Logistics,Afternoon,Temporary,0
19.79,0.82,103.92,6.61,4,15.6,0.09,Logistics,Morning,Temporary,1
22.37,0.97,104.24,7.33,3,18.4,0.1,Administration,Afternoon,Permanent,0
42.64,0.97,88.63,5.89,5,27.8,0.19,Quality,Afternoon,Permanent,0
19.4,0.85,114.28,4.36,5,16.0,0.18,Quality,Morning,Permanent,0
22.41,0.96,105.22,9.22,2,8.2,0.15,Production,Morning,Permanent,1
22.92,0.9,89.45,6.35,5,7.5,0.0,Logistics,Morning,Temporary,0
12.05,0.93,103.91,8.18,1,2.7,0.14,Logistics,Afternoon,Outsourcing,1
31.17,0.84,120.29,8.02,3,29.4,0.04,Logistics,Morning,Permanent,0
18.94,0.98,97.47,5.17,1,27.3,0.01,Maintenance,Afternoon,Permanent,0
44.06,1.0,98.01,5.82,5,23.9,0.05,Quality,Afternoon,Permanent,0
39.73,0.95,105.46,3.71,1,30.0,0.01,Logistics,Night,Permanent,0
17.08,0.95,126.79,3.72,5,6.5,0.08,Production,Morning,Outsourcing,0
33.62,0.84,93.98,1.85,1,3.3,0.1,Production,Night,Permanent,1
33.08,0.98,90.73,6.85,5,3.5,0.08,Maintenance,Morning,Permanent,0
32.89,0.98,94.46,4.04,3,3.3,0.12,Logistics,Afternoon,Permanent,1
30.76,0.99,103.97,1.85,2,12.5,0.11,Production,Afternoon,Outsourcing,0
15.81,0.96,108.65,3.96,2,28.3,0.08,Quality,Morning,Outsourcing,1
37.64,0.95,107.72,5.66,3,27.8,0.14,Logistics,Afternoon,Permanent,0
30.45,0.97,84.35,4.39,3,29.2,0.12,Administration,Afternoon,Permanent,1
18.68,0.95,94.63,2.9,3,19.3,0.03,Quality,Morning,Outsourcing,0
40.34,0.93,104.71,6.14,3,16.2,0.13,Maintenance,Night,Permanent,0
29.16,0.93,89.8,4.01,2,25.9,0.11,Production,Morning,Temporary,0
56.44,0.93,102.08,6.92,1,0.0,0.02,Production,Morning,Outsourcing,1
39.13,0.93,115.13,4.86,5,3.8,0.03,Maintenance,Night,Permanent,0
33.97,0.93,96.1,2.21,2,27.9,0.09,Quality,Morning,Permanent,0
28.23,0.89,90.22,8.43,4,6.7,0.03,Quality,Afternoon,Temporary,0
42.98,0.94,97.92,6.33,4,17.9,0.0,Quality,Morning,Outsourcing,1
39.14,0.98,112.38,6.09,3,3.2,0.11,Administration,Night,Temporary,1
20.21,0.91,93.81,4.46,1,22.0,0.09,Production,Morning,Temporary,0
28.81,0.97,98.98,6.21,3,7.0,0.11,Quality,Afternoon,Permanent,0
41.29,0.95,104.93,6.54,2,17.0,0.19,Logistics,Night,Temporary,1
28.57,0.94,103.84,9.89,4,18.2,0.02,Quality,Morning,Permanent,0
14.38,0.84,98.2,6.56,1,29.6,0.14,Quality,Night,Outsourcing,0
30.98,0.95,84.62,4.0,5,8.0,0.18,Quality,Night,Permanent,1
17.55,0.99,89.81,6.92,3,13.4,0.13,Quality,Morning,Temporary,1
14.7,1.0,91.54,1.69,4,6.8,0.13,Maintenance,Afternoon,Permanent,0
28.01,0.98,97.3,6.0,1,25.3,0.06,Production,Afternoon,Temporary,1
43.75,0.89,90.27,3.37,4,8.6,0.13,Quality,Morning,Permanent,0
41.07,0.85,117.36,4.82,1,8.8,0.06,Production,Night,Permanent,0
49.18,0.97,94.86,3.92,3,17.2,0.13,Production,Afternoon,Permanent,0
41.27,0.95,111.32,5.06,1,29.9,0.14,Quality,Afternoon,Permanent,0
22.84,1.0,89.27,7.63,2,7.7,0.11,Production,Afternoon,Temporary,1
19.74,0.98,94.7,1.55,4,9.5,0.06,Maintenance,Afternoon,Permanent,0
22.97,0.96,108.93,6.22,4,9.7,0.0,Production,Morning,Permanent,0
30.9,0.92,106.22,4.69,5,12.6,0.09,Quality,Morning,Outsourcing,0
12.1,0.93,91.73,3.83,5,7.3,0.02,Administration,Morning,Permanent,1
14.28,0.89,102.5,4.06,5,0.0,0.21,Administration,Night,Permanent,0
23.99,0.93,110.25,2.53,2,24.6,0.14,Quality,Morning,Permanent,0
36.54,0.98,123.57,5.98,4,2.2,0.0,Quality,Morning,Permanent,0
18.48,0.98,108.41,5.89,3,23.5,0.08,Logistics,Morning,Permanent,0
38.57,1.0,87.63,6.13,5,29.9,0.14,Maintenance,Morning,Permanent,0
11.87,0.96,95.74,6.61,5,16.3,0.0,Maintenance,Morning,Temporary,0
22.59,0.95,92.17,4.44,3,21.2,0.1,Production,Night,Permanent,1
44.23,0.91,105.25,7.3,3,13.3,0.09,Production,Afternoon,Permanent,0
40.67,0.91,108.23,2.66,1,19.7,0.25,Production,Morning,Temporary,1
20.54,0.96,106.47,3.28,5,26.3,0.01,Quality,Afternoon,Permanent,0
35.62,0.96,105.61,5.08,4,18.5,0.16,Production,Afternoon,Temporary,0
39.81,0.94,110.45,7.57,3,20.7,0.23,Production,Morning,Permanent,0
22.15,1.0,106.95,4.66,1,6.4,0.03,Production,Morning,Temporary,1
41.43,0.9,101.74,6.78,3,12.2,0.1,Quality,Afternoon,Outsourcing,0
57.3,0.95,105.45,8.88,2,2.6,0.11,Logistics,Morning,Temporary,0
28.96,0.94,86.56,6.28,4,6.2,0.11,Production,Morning,Outsourcing,1
45.14,0.99,97.31,3.34,4,5.5,0.11,Quality,Morning,Permanent,0
46.04,0.91,115.26,4.32,2,16.9,0.07,Production,Morning,Outsourcing,0
31.9,0.92,103.65,2.79,5,0.0,0.1,Production,Morning,Permanent,0
26.56,1.0,112.42,4.94,5,0.0,0.15,Logistics,Afternoon,Permanent,0
37.1,0.91,91.37,7.54,4,9.4,0.11,Maintenance,Afternoon,Temporary,0
29.94,1.0,84.72,6.26,2,0.9,0.04,Production,Morning,Temporary,1
29.89,0.99,103.44,3.9,3,25.1,0.01,Production,Morning,Permanent,0
37.99,0.94,99.6,7.24,5,30.0,0.08,Production,Morning,Outsourcing,0
26.4,1.0,100.45,3.63,4,8.6,0.14,Logistics,Night,Permanent,0
26.05,0.9,100.3,4.49,1,20.6,0.13,Production,Morning,Temporary,1
14.68,0.98,103.03,4.07,3,0.0,0.06,Production,Afternoon,Temporary,1
34.92,0.93,94.27,5.98,1,12.8,0.11,Production,Afternoon,Permanent,0
20.58,1.0,108.19,7.5,5,12.5,0.14,Production,Morning,Permanent,0
41.01,0.96,97.15,7.15,2,21.7,0.05,Production,Night,Permanent,0
42.63,0.93,82.91,7.09,2,15.4,0.0,Production,Afternoon,Permanent,0
25.5,0.96,93.75,4.56,1,4.0,0.1,Production,Morning,Temporary,1
10.95,0.9,108.39,5.48,4,0.0,0.23,Production,Morning,Outsourcing,0
29.17,0.93,105.68,9.04,1,18.5,0.12,Production,Morning,Temporary,1
16.0,0.95,102.78,5.64,4,6.2,0.11,Administration,Morning,Permanent,0
55.35,0.99,105.55,2.71,5,14.0,0.07,Quality,Morning,Permanent,0
19.49,0.99,116.55,6.66,3,14.4,0.09,Logistics,Afternoon,Permanent,0
22.12,0.97,83.92,0.83,2,3.3,0.16,Administration,Afternoon,Permanent,0
32.95,0.93,115.43,7.32,4,13.6,0.1,Production,Morning,Permanent,0
21.42,1.0,89.57,6.96,3,11.6,0.17,Maintenance,Morning,Temporary,1
42.1,1.0,96.07,8.49,2,13.8,0.01,Maintenance,Morning,Outsourcing,0
34.32,0.91,94.94,5.82,5,26.0,0.07,Production,Afternoon,Permanent,0
36.59,0.9,95.3,4.99,2,1.3,0.1,Logistics,Morning,Outsourcing,0
30.38,0.85,97.25,4.28,4,6.0,0.13,Administration,Night,Temporary,1
29.09,1.0,104.92,4.57,4,22.1,0.14,Maintenance,Afternoon,Permanent,0
45.3,0.88,91.41,10.23,2,12.6,0.09,Production,Morning,Permanent,1
10.4,0.95,78.59,5.87,5,20.5,0.06,Administration,Morning,Temporary,1
36.33,0.95,109.01,3.91,2,28.9,0.16,Quality,Afternoon,Permanent,0
31.96,0.96,107.13,5.87,5,13.9,0.14,Production,Morning,Permanent,0
44.19,1.0,105.83,9.75,4,13.4,0.04,Logistics,Morning,Outsourcing,1
0.0,0.94,109.09,5.05,5,16.8,0.14,Production,Afternoon,Temporary,0
38.63,0.93,102.12,6.84,3,6.4,0.09,Logistics,Morning,Temporary,0
32.02,0.92,90.62,6.23,4,11.7,0.15,Quality,Night,Temporary,0
35.34,1.0,83.25,4.5,5,25.3,0.09,Maintenance,Morning,Permanent,0
34.42,0.97,93.56,6.46,1,11.0,0.0,Production,Afternoon,Permanent,0
29.91,0.93,112.77,4.26,1,28.9,0.19,Quality,Morning,Permanent,0
42.11,0.9,97.64,3.35,5,8.2,0.12,Production,Morning,Permanent,0
25.92,0.95,102.41,5.52,5,12.9,0.17,Quality,Night,Outsourcing,0
32.23,0.93,106.64,4.43,1,3.1,0.13,Production,Morning,Permanent,0
29.62,0.94,100.12,6.0,3,6.8,0.11,Production,Night,Outsourcing,1
25.24,0.94,96.09,6.23,1,21.0,0.1,Maintenance,Morning,Permanent,0
28.52,0.93,92.04,1.58,4,25.9,0.1,Quality,Afternoon,Permanent,0
39.62,0.93,103.49,6.51,5,25.4,0.04,Production,Afternoon,Outsourcing,0
34.3,0.88,97.06,5.41,3,4.7,0.11,Logistics,Afternoon,Permanent,0
28.14,0.98,112.83,8.94,4,20.1,0.07,Production,Morning,Permanent,0
36.92,0.92,102.88,6.49,1,25.6,0.1,Production,Morning,Permanent,1
30.6,0.98,101.48,7.97,4,21.1,0.13,Quality,Morning,Permanent,0
29.82,1.0,101.32,2.29,5,28.9,0.13,Production,Night,Permanent,0
30.44,0.93,97.16,5.16,4,20.2,0.07,Maintenance,Morning,Outsourcing,0
28.07,0.99,114.0,2.49,2,2.3,0.1,Administration,Morning,Permanent,1
35.96,1.0,103.45,5.07,4,2.7,0.14,Quality,Night,Permanent,0
26.31,0.95,100.68,3.69,4,6.7,0.11,Logistics,Morning,Permanent,0
16.42,0.95,123.44,3.64,2,6.0,0.09,Logistics,Afternoon,Permanent,0
44.98,0.94,98.09,6.28,3,16.5,0.13,Production,Night,Outsourcing,0
36.55,0.88,111.46,7.32,3,11.1,0.15,Administration,Afternoon,Permanent,1
17.48,0.95,74.7,6.17,3,17.8,0.11,Maintenance,Morning,Permanent,0
15.62,0.98,97.18,4.23,2,15.7,0.14,Quality,Morning,Temporary,0
11.23,0.9,113.29,6.0,2,16.9,0.12,Quality,Morning,Permanent,0
37.28,0.92,104.14,7.15,4,6.4,0.19,Quality,Afternoon,Permanent,0
29.73,0.92,109.14,4.6,1,14.1,0.11,Maintenance,Night,Temporary,0
40.85,0.92,124.42,5.98,2,9.9,0.13,Quality,Afternoon,Temporary,0
39.6,0.86,101.96,4.02,3,16.0,0.1,Production,Morning,Temporary,0
42.69,1.0,110.51,3.11,2,24.2,0.05,Logistics,Afternoon,Permanent,0
26.48,0.95,100.52,4.73,1,22.1,0.1,Quality,Morning,Permanent,1
41.04,0.91,110.55,3.08,2,2.9,0.14,Production,Morning,Permanent,0
32.47,0.96,102.65,3.04,4,25.1,0.06,Logistics,Afternoon,Permanent,0
38.06,0.93,100.35,5.46,4,3.2,0.08,Quality,Afternoon,Temporary,0
41.17,0.99,96.49,2.3,1,12.6,0.02,Production,Morning,Outsourcing,0
25.22,0.97,109.02,1.61,4,1.8,0.09,Quality,Morning,Temporary,0
30.13,0.88,104.0,7.95,2,3.9,0.1,Production,Morning,Permanent,1
27.51,0.94,95.17,2.39,4,0.0,0.09,Quality,Afternoon,Permanent,0
23.86,0.96,91.22,3.3,5,16.9,0.01,Quality,Morning,Outsourcing,0
45.94,0.98,114.32,6.95,2,29.7,0.15,Production,Afternoon,Permanent,0
18.68,0.9,88.26,5.5,4,26.6,0.16,Logistics,Morning,Temporary,1
39.25,0.92,104.9,5.73,3,6.0,0.0,Production,Morning,Permanent,0
39.82,0.99,96.22,2.69,2,8.2,0.1,Production,Afternoon,Permanent,0
33.0,0.86,103.43,5.48,3,16.8,0.11,Logistics,Morning,Temporary,0
37.76,0.98,91.02,2.97,5,6.5,0.04,Production,Morning,Permanent,0
39.29,0.85,97.94,7.43,4,4.3,0.16,Maintenance,Afternoon,Temporary,1
33.54,0.93,100.89,12.07,4,21.8,0.0,Quality,Morning,Permanent,0
19.28,1.0,113.52,4.91,1,14.4,0.18,Quality,Morning,Permanent,0
31.7,0.88,93.02,7.69,4,7.9,0.02,Quality,Afternoon,Temporary,0
28.64,0.96,87.32,3.33,1,14.7,0.05,Administration,Morning,Outsourcing,0
25.85,0.82,90.0,7.43,1,30.0,0.09,Administration,Night,Temporary,1
54.48,0.92,114.43,5.86,1,20.8,0.06,Production,Afternoon,Permanent,1
33.41,0.94,98.14,4.16,4,8.9,0.09,Production,Afternoon,Permanent,0
27.81,0.92,104.56,5.32,1,27.1,0.17,Production,Morning,Temporary,1
29.14,0.91,116.24,7.91,2,0.0,0.06,Production,Afternoon,Temporary,0
38.66,1.0,90.99,3.25,5,0.0,0.07,Production,Afternoon,Permanent,0
47.33,0.89,104.53,2.99,1,3.3,0.06,Quality,Night,Permanent,0
35.9,0.99,105.44,4.85,4,5.9,0.14,Production,Morning,Permanent,0
39.11,0.99,91.08,2.66,4,20.4,0.08,Production,Morning,Permanent,0
22.36,1.0,93.38,5.45,5,8.2,0.12,Logistics,Morning,Permanent,0
30.31,0.97,84.34,6.1,5,9.7,0.12,Production,Night,Permanent,1
30.45,0.94,91.99,4.01,1,15.5,0.08,Production,Night,Temporary,0
44.3,0.89,92.98,1.97,4,3.1,0.14,Production,Morning,Temporary,1
40.55,0.9,100.51,5.47,1,6.7,0.11,Quality,Morning,Temporary,1
36.37,0.96,97.46,7.58,1,25.1,0.01,Production,Night,Permanent,0
39.59,0.86,108.56,7.59,2,25.2,0.04,Production,Morning,Permanent,0
24.22,0.86,78.08,3.64,5,30.0,0.14,Production,Afternoon,Permanent,1
36.75,0.84,111.43,5.62,1,18.5,0.07,Logistics,Night,Permanent,1
36.62,0.94,118.87,9.59,4,8.5,0.11,Administration,Afternoon,Outsourcing,0
26.57,0.96,105.29,6.61,4,10.1,0.03,Logistics,Afternoon,Permanent,1
35.54,0.87,87.32,2.43,1,13.3,0.12,Administration,Night,Permanent,1
23.18,0.89,109.66,4.77,5,17.3,0.16,Logistics,Afternoon,Permanent,0
25.91,0.95,111.12,9.03,4,0.0,0.15,Production,Morning,Permanent,1
28.98,0.96,103.27,3.28,1,0.5,0.09,Quality,Morning,Permanent,1
16.03,0.93,94.69,4.22,1,30.0,0.0,Administration,Afternoon,Permanent,0
29.22,1.0,97.83,6.32,5,15.4,0.08,Quality,Night,Outsourcing,0
34.02,0.95,106.72,4.38,4,24.9,0.11,Maintenance,Morning,Permanent,1
37.24,0.94,86.55,2.41,3,11.6,0.11,Production,Night,Temporary,0
33.29,0.89,81.52,2.27,4,11.5,0.09,Logistics,Morning,Permanent,0
22.96,0.94,106.76,7.59,2,7.8,0.16,Production,Morning,Permanent,1
30.08,1.0,84.27,5.44,1,1.9,0.11,Production,Morning,Permanent,0
32.51,0.91,87.32,5.69,2,10.4,0.13,Maintenance,Afternoon,Permanent,1
45.83,0.89,100.23,5.93,5,6.9,0.03,Administration,Morning,Permanent,0
36.27,0.93,107.63,5.51,3,11.4,0.1,Production,Afternoon,Permanent,1
20.98,1.0,99.22,6.51,1,15.1,0.15,Production,Afternoon,Outsourcing,1
44.48,0.92,97.21,5.17,1,9.6,0.01,Production,Night,Permanent,0
20.95,0.85,92.16,3.46,1,7.4,0.1,Administration,Night,Permanent,0
24.35,0.96,85.37,10.62,4,3.8,0.11,Production,Morning,Temporary,1
26.14,0.96,116.83,5.22,5,5.5,0.16,Production,Night,Permanent,0
32.24,0.92,104.39,5.13,3,1.1,0.11,Production,Morning,Permanent,0
48.64,0.93,92.26,8.13,3,7.9,0.03,Quality,Morning,Outsourcing,0
42.1,0.97,96.43,3.51,2,17.1,0.15,Maintenance,Night,Permanent,0
45.03,0.96,90.0,3.31,2,23.3,0.21,Logistics,Morning,Temporary,0
23.37,0.89,114.94,8.05,2,15.1,0.1,Production,Afternoon,Outsourcing,1
32.29,0.99,87.99,5.83,5,21.8,0.1,Maintenance,Afternoon,Temporary,0
29.39,0.92,103.76,4.19,2,15.3,0.14,Maintenance,Afternoon,Permanent,0
16.02,0.98,97.77,4.01,1,26.2,0.05,Maintenance,Afternoon,Permanent,0
34.51,0.98,76.79,5.63,2,5.1,0.15,Production,Night,Outsourcing,1
33.29,0.96,94.67,5.25,4,8.1,0.12,Production,Morning,Permanent,0
31.03,0.95,110.96,6.84,5,0.0,0.06,Logistics,Morning,Outsourcing,0
19.35,0.91,118.6,7.9,3,8.1,0.12,Production,Morning,Permanent,1
7.34,0.97,101.59,3.07,1,28.0,0.23,Production,Afternoon,Permanent,1
27.37,0.94,115.02,10.95,1,26.9,0.09,Maintenance,Afternoon,Permanent,0
11.45,0.99,95.45,6.8,4,11.6,0.15,Production,Night,Permanent,0
40.46,1.0,108.31,6.06,1,12.5,0.19,Logistics,Morning,Permanent,1
39.65,0.97,101.24,2.87,1,15.4,0.06,Maintenance,Afternoon,Permanent,0
31.34,0.87,98.06,8.99,5,19.0,0.03,Logistics,Morning,Permanent,1
39.15,0.99,117.98,2.67,5,9.7,0.21,Production,Afternoon,Temporary,1
17.11,0.95,116.3,4.91,3,2.3,0.15,Production,Morning,Permanent,0
43.73,0.96,72.95,7.17,1,11.2,0.02,Production,Afternoon,Permanent,0
51.16,0.97,79.73,3.22,2,30.0,0.15,Maintenance,Afternoon,Permanent,0
18.98,0.88,79.77,6.35,5,15.2,0.13,Production,Morning,Permanent,0
24.18,0.91,98.8,7.14,4,4.5,0.07,Production,Morning,Outsourcing,0
17.67,0.88,88.98,3.67,1,8.8,0.1,Production,Morning,Permanent,0
40.07,0.93,91.32,4.95,5,16.0,0.1,Production,Afternoon,Outsourcing,0
46.2,0.93,107.15,5.15,3,9.7,0.1,Maintenance,Afternoon,Temporary,0
35.09,0.95,109.22,6.67,2,17.1,0.08,Quality,Night,Permanent,0
37.44,1.0,97.83,6.84,3,26.6,0.07,Maintenance,Morning,Permanent,0
30.19,0.96,107.0,5.78,4,16.7,0.06,Quality,Morning,Permanent,1
43.6,1.0,94.65,7.0,4,0.0,0.2,Quality,Morning,Temporary,0
21.67,1.0,115.87,9.45,2,20.8,0.16,Logistics,Afternoon,Permanent,0
24.77,0.92,110.01,5.57,4,2.0,0.08,Production,Night,Permanent,0
35.89,0.94,108.81,7.02,4,3.3,0.05,Production,Afternoon,Permanent,0
21.15,0.96,121.05,8.42,3,5.4,0.04,Production,Afternoon,Permanent,0
27.1,0.97,111.97,4.12,3,10.7,0.12,Production,Afternoon,Permanent,0
53.4,0.9,100.71,6.28,5,15.7,0.02,Logistics,Morning,Permanent,0
7.67,1.0,96.77,4.44,1,15.7,0.08,Production,Night,Temporary,0
22.37,0.91,79.17,4.49,2,11.0,0.08,Logistics,Morning,Permanent,0
34.6,0.98,109.75,5.84,1,8.7,0.14,Maintenance,Afternoon,Permanent,0
31.55,0.95,105.07,4.35,4,27.9,0.11,Quality,Morning,Permanent,0
36.49,1.0,115.6,5.01,4,13.8,0.04,Quality,Night,Temporary,0
32.87,0.96,92.96,3.47,1,23.6,0.19,Maintenance,Afternoon,Outsourcing,0
26.72,0.95,86.75,4.66,5,6.0,0.14,Logistics,Morning,Outsourcing,1
25.79,0.92,97.72,4.47,1,3.5,0.07,Quality,Night,Outsourcing,1
23.02,0.99,117.67,2.9,1,16.6,0.11,Administration,Morning,Permanent,0
39.09,1.0,79.33,3.85,5,3.6,0.09,Maintenance,Night,Permanent,1
45.18,1.0,94.12,5.69,1,12.1,0.07,Production,Morning,Outsourcing,1
44.01,0.93,96.01,5.23,2,21.4,0.04,Maintenance,Morning,Permanent,1
29.57,0.97,98.77,4.71,1,6.7,0.15,Production,Morning,Permanent,0
28.45,0.98,84.11,3.27,3,0.0,0.11,Quality,Night,Permanent,0
35.37,1.0,122.7,5.9,1,24.3,0.15,Quality,Night,Outsourcing,0
32.14,0.93,84.32,6.73,2,16.2,0.12,Administration,Morning,Temporary,1
20.64,0.99,106.45,5.22,2,17.1,0.17,Maintenance,Night,Permanent,1
39.06,0.86,93.13,2.57,2,21.2,0.1,Administration,Night,Permanent,1
34.47,0.96,94.73,2.24,5,22.8,0.07,Production,Afternoon,Outsourcing,0
26.98,0.99,82.64,7.62,2,18.6,0.08,Quality,Afternoon,Permanent,1
24.41,0.92,81.92,7.3,2,19.1,0.05,Production,Night,Permanent,0
25.82,0.99,117.84,8.57,2,15.6,0.05,Administration,Morning,Permanent,0
19.96,0.88,94.15,3.77,2,5.3,0.08,Production,Morning,Permanent,0
34.98,0.92,98.0,8.71,5,30.0,0.02,Production,Night,Permanent,0
24.28,0.96,101.27,7.9,3,6.2,0.12,Production,Afternoon,Temporary,1
29.79,0.88,90.73,6.66,3,19.0,0.16,Logistics,Morning,Permanent,1
17.42,1.0,102.49,3.71,5,13.8,0.17,Quality,Morning,Permanent,0
19.86,0.9,101.04,4.44,4,26.8,0.07,Logistics,Morning,Temporary,0
36.8,0.95,99.85,6.39,4,23.6,0.1,Production,Afternoon,Permanent,0
45.43,0.96,76.15,7.42,5,14.5,0.09,Administration,Night,Permanent,1
15.47,0.9,106.79,7.22,4,23.5,0.18,Administration,Morning,Permanent,0
31.04,0.98,91.76,8.53,4,14.1,0.12,Quality,Night,Permanent,0
0.0,1.0,113.91,5.12,2,16.0,0.23,Logistics,Morning,Permanent,0
35.55,1.0,100.6,5.34,4,25.8,0.04,Quality,Afternoon,Permanent,0
39.29,0.98,110.73,4.65,1,26.3,0.11,Quality,Night,Permanent,0
33.67,0.98,102.98,2.43,5,25.5,0.15,Logistics,Night,Temporary,0
40.38,0.96,96.29,6.04,3,22.0,0.11,Maintenance,Afternoon,Temporary,1
20.3,1.0,117.76,6.5,2,1.2,0.19,Quality,Afternoon,Outsourcing,0
39.06,1.0,101.16,3.57,5,8.2,0.01,Production,Afternoon,Permanent,1
22.62,0.82,126.32,3.72,5,0.4,0.14,Maintenance,Afternoon,Permanent,1
36.69,0.92,81.54,6.51,3,19.2,0.08,Logistics,Night,Permanent,0
42.42,0.97,105.17,5.58,3,22.6,0.18,Quality,Morning,Permanent,0
32.29,0.92,100.45,3.8,1,16.1,0.16,Quality,Morning,Permanent,0
23.41,0.88,92.88,4.33,3,3.5,0.14,Administration,Afternoon,Permanent,1
33.33,0.91,92.94,6.28,1,9.3,0.01,Production,Night,Permanent,0
31.07,0.9,96.75,3.72,4,24.7,0.14,Quality,Afternoon,Permanent,0
32.2,0.92,105.0,3.53,3,28.3,0.08,Maintenance,Afternoon,Permanent,0
26.03,1.0,112.5,4.71,1,25.6,0.17,Quality,Morning,Permanent,0
4.82,0.91,116.78,4.69,5,2.5,0.08,Logistics,Night,Outsourcing,1
29.11,0.91,107.38,8.54,3,15.5,0.07,Logistics,Morning,Temporary,0
21.17,0.94,106.13,6.65,4,12.8,0.07,Quality,Night,Permanent,0
42.72,0.84,98.83,7.13,1,8.8,0.09,Logistics,Morning,Permanent,1
39.35,0.95,102.37,7.91,3,21.9,0.24,Production,Morning,Permanent,0
33.73,0.92,82.08,3.52,1,19.8,0.12,Production,Morning,Permanent,0
48.32,0.85,97.97,2.75,2,4.4,0.11,Quality,Night,Permanent,0
28.29,0.96,104.95,3.66,2,10.1,0.0,Production,Afternoon,Permanent,0
42.4,0.93,90.08,5.96,4,24.6,0.21,Logistics,Night,Permanent,0
39.58,0.99,109.36,9.27,3,14.0,0.07,Logistics,Morning,Outsourcing,1
34.37,1.0,99.82,8.45,3,0.0,0.16,Quality,Morning,Temporary,1
24.8,0.94,103.27,2.67,3,26.9,0.03,Production,Morning,Permanent,0
7.7,0.92,108.03,3.29,1,6.0,0.14,Production,Morning,Outsourcing,1
33.48,0.94,104.3,6.65,3,15.6,0.1,Quality,Morning,Permanent,0
43.43,0.96,98.21,3.68,5,7.7,0.1,Production,Afternoon,Temporary,1
13.23,0.96,105.44,8.91,3,15.4,0.14,Maintenance,Morning,Permanent,0
25.78,0.9,89.9,4.53,5,2.7,0.11,Quality,Night,Permanent,0
39.17,0.95,86.24,4.28,4,13.2,0.09,Production,Afternoon,Permanent,0
23.88,1.0,85.58,6.42,2,7.0,0.12,Production,Afternoon,Permanent,0
23.9,1.0,96.03,4.72,2,28.2,0.08,Logistics,Afternoon,Permanent,0
6.84,1.0,91.15,7.45,1,25.6,0.07,Production,Night,Permanent,1
41.68,0.99,97.08,4.1,5,18.7,0.03,Administration,Morning,Permanent,0
25.54,0.84,114.77,2.98,3,22.5,0.0,Logistics,Afternoon,Permanent,0
13.98,0.99,118.89,4.78,1,10.8,0.03,Production,Morning,Permanent,0
29.19,1.0,87.71,3.87,2,18.2,0.16,Administration,Morning,Permanent,0
2.93,0.97,99.65,7.74,2,4.6,0.02,Quality,Afternoon,Permanent,1
31.31,0.86,108.35,5.89,1,1.0,0.11,Logistics,Night,Temporary,1
28.7,0.9,85.89,6.72,1,23.9,0.1,Quality,Night,Permanent,1
19.95,0.94,117.53,2.64,1,19.9,0.12,Quality,Morning,Temporary,0
26.99,0.93,98.25,4.28,2,1.6,0.11,Production,Afternoon,Outsourcing,0
19.07,1.0,100.54,7.87,4,9.6,0.13,Quality,Morning,Permanent,1
38.28,1.0,104.93,6.44,4,17.9,0.1,Production,Morning,Permanent,0
17.73,0.97,117.37,2.63,2,17.4,0.22,Production,Night,Outsourcing,1
27.56,0.88,108.91,4.12,5,18.9,0.27,Production,Morning,Permanent,0
30.33,0.98,103.72,4.68,3,2.5,0.13,Logistics,Night,Outsourcing,0
9.45,0.96,100.94,5.16,2,3.7,0.08,Production,Night,Temporary,1
23.56,0.98,116.68,3.79,3,11.9,0.0,Quality,Morning,Outsourcing,0
37.44,0.92,107.27,7.57,4,13.8,0.11,Logistics,Afternoon,Permanent,0
31.32,0.85,98.38,6.06,3,9.3,0.03,Logistics,Night,Permanent,0
41.89,1.0,118.71,3.87,1,2.3,0.07,Maintenance,Night,Permanent,1
23.73,0.85,116.49,4.37,4,3.1,0.2,Maintenance,Night,Temporary,0
2.49,0.94,123.9,3.01,4,24.3,0.13,Logistics,Night,Permanent,0
32.23,1.0,99.98,3.56,2,18.0,0.21,Production,Morning,Temporary,1
35.63,0.84,101.91,5.52,1,16.8,0.0,Production,Morning,Permanent,0
34.93,0.93,92.65,1.44,4,6.8,0.21,Production,Morning,Outsourcing,0
30.81,0.85,110.39,2.87,1,5.3,0.06,Production,Night,Temporary,0
44.1,0.98,84.39,4.16,5,19.0,0.17,Quality,Morning,Permanent,0
27.47,0.87,98.66,7.92,4,16.3,0.13,Production,Morning,Temporary,1
32.74,1.0,97.92,4.51,1,16.7,0.01,Production,Afternoon,Permanent,0
30.24,1.0,86.0,2.96,1,24.4,0.17,Logistics,Morning,Temporary,0
29.69,0.91,107.19,3.4,3,5.0,0.03,Quality,Morning,Outsourcing,1
21.35,0.97,99.57,4.53,3,24.4,0.18,Administration,Night,Temporary,1
36.48,1.0,95.31,1.65,3,7.7,0.12,Production,Afternoon,Outsourcing,0
33.92,0.91,105.23,5.45,5,12.3,0.03,Production,Night,Permanent,0
29.07,0.98,99.56,5.29,1,28.5,0.15,Quality,Afternoon,Permanent,0
22.57,0.99,115.12,2.57,1,15.7,0.1,Maintenance,Night,Temporary,0
36.3,0.99,111.41,5.32,2,11.8,0.1,Production,Morning,Outsourcing,0
29.31,0.97,80.1,4.5,5,0.0,0.08,Maintenance,Afternoon,Permanent,0
33.35,0.87,96.57,5.9,2,2.1,0.16,Quality,Morning,Temporary,1
21.55,0.93,102.94,3.75,3,4.4,0.07,Administration,Morning,Permanent,0
24.73,1.0,106.62,4.85,3,17.3,0.11,Production,Afternoon,Outsourcing,0
37.44,0.93,106.6,6.6,2,9.0,0.14,Quality,Afternoon,Permanent,0
44.17,0.94,106.37,3.1,4,6.1,0.06,Production,Morning,Permanent,0
46.2,1.0,93.95,5.68,3,26.0,0.0,Logistics,Afternoon,Temporary,0
22.11,1.0,79.56,6.09,4,6.0,0.15,Administration,Morning,Permanent,0
25.49,1.0,90.38,7.46,4,17.6,0.08,Quality,Morning,Temporary,1
9.84,0.96,80.56,4.77,1,27.8,0.13,Production,Morning,Permanent,1
45.13,0.92,120.71,4.96,2,26.6,0.15,Production,Afternoon,Permanent,0
33.95,0.92,102.28,7.29,1,9.7,0.08,Quality,Morning,Permanent,0
13.56,0.97,109.72,3.03,4,8.8,0.0,Logistics,Morning,Permanent,0
21.62,0.92,95.0,8.86,5,11.0,0.06,Logistics,Morning,Permanent,0
19.9,0.96,97.01,3.06,1,12.6,0.12,Logistics,Afternoon,Temporary,1
42.96,0.98,109.36,5.12,4,0.0,0.14,Quality,Night,Permanent,0
38.01,1.0,109.11,3.29,1,5.1,0.04,Production,Night,Permanent,0
49.03,0.81,101.59,2.54,3,7.1,0.11,Administration,Morning,Permanent,0
41.51,0.94,106.94,4.93,5,9.5,0.17,Logistics,Night,Permanent,0
18.49,1.0,104.36,4.49,2,25.4,0.09,Maintenance,Morning,Permanent,0
30.74,0.86,88.99,5.29,2,0.8,0.14,Quality,Night,Outsourcing,1
29.33,0.95,109.37,11.78,2,15.4,0.05,Quality,Morning,Temporary,0
33.71,0.97,99.3,6.4,4,14.0,0.1,Quality,Morning,Temporary,0
41.73,0.84,96.53,5.11,4,11.3,0.11,Production,Afternoon,Outsourcing,1
36.64,0.98,101.98,4.73,2,6.5,0.06,Quality,Night,Permanent,0
32.39,0.99,96.59,4.99,3,27.8,0.08,Production,Morning,Outsourcing,0
39.97,0.96,99.78,5.41,3,13.7,0.24,Production,Morning,Outsourcing,1
32.69,0.86,101.13,9.31,4,11.9,0.05,Maintenance,Night,Outsourcing,0
34.19,0.89,106.73,3.09,4,25.6,0.15,Production,Morning,Permanent,1
16.9,0.99,97.73,4.85,5,16.2,0.09,Quality,Afternoon,Outsourcing,0
27.21,1.0,97.09,5.31,3,24.8,0.15,Production,Morning,Permanent,0
33.79,0.88,110.02,6.24,3,20.8,0.07,Quality,Morning,Outsourcing,0
15.67,0.95,80.61,8.08,1,30.0,0.19,Quality,Afternoon,Temporary,1
32.88,0.89,93.83,5.73,4,10.7,0.0,Production,Afternoon,Permanent,0
30.47,0.93,94.42,4.35,1,9.4,0.12,Production,Night,Permanent,1
24.08,0.97,89.26,2.67,3,9.0,0.05,Quality,Afternoon,Permanent,0
37.7,0.98,98.09,3.43,4,21.8,0.21,Quality,Morning,Permanent,0
31.85,0.95,103.59,5.72,4,28.7,0.08,Quality,Morning,Permanent,0
4.24,0.85,127.53,4.49,1,5.5,0.13,Production,Morning,Permanent,1
32.72,0.98,98.44,1.86,2,27.7,0.1,Administration,Night,Permanent,1
13.86,0.94,90.02,7.11,2,29.0,0.22,Maintenance,Morning,Temporary,1
15.9,0.93,94.66,5.99,2,14.7,0.12,Production,Morning,Permanent,1
26.37,0.87,106.09,3.79,3,29.8,0.08,Logistics,Night,Outsourcing,1
39.8,0.87,95.76,5.91,5,17.0,0.26,Maintenance,Night,Permanent,0
28.85,0.89,106.76,5.22,2,6.1,0.11,Production,Night,Permanent,0
38.09,0.91,105.44,1.9,1,25.5,0.24,Production,Morning,Temporary,1
25.6,0.99,101.24,1.21,2,21.0,0.08,Administration,Morning,Permanent,0
22.27,0.91,86.09,3.23,5,22.6,0.08,Logistics,Night,Permanent,0
37.92,0.97,115.22,6.21,5,14.8,0.06,Production,Night,Permanent,0
10.15,0.91,99.94,3.97,4,18.6,0.12,Quality,Morning,Permanent,0
28.61,0.99,108.59,2.87,3,3.6,0.17,Quality,Afternoon,Temporary,0
23.22,0.96,106.84,7.55,4,6.0,0.14,Production,Morning,Permanent,1
27.37,1.0,119.06,5.73,1,20.1,0.08,Production,Afternoon,Temporary,1
24.28,0.93,105.15,4.99,1,5.1,0.1,Production,Morning,Permanent,0
37.91,1.0,98.81,8.41,3,16.8,0.16,Production,Morning,Permanent,0
34.9,0.99,108.85,5.3,4,23.4,0.14,Logistics,Afternoon,Temporary,1
17.37,0.95,102.71,6.0,5,11.4,0.05,Maintenance,Night,Temporary,0
40.42,0.86,86.39,3.89,4,7.1,0.13,Quality,Morning,Permanent,0
34.03,0.92,104.28,5.94,1,19.8,0.13,Quality,Morning,Permanent,1
40.7,0.94,108.79,2.92,4,7.2,0.11,Production,Morning,Permanent,0
27.06,0.89,99.27,4.84,1,22.0,0.16,Production,Morning,Permanent,1
18.09,0.99,89.99,2.8,4,25.9,0.05,Production,Afternoon,Outsourcing,0
34.02,0.87,106.47,1.07,1,5.3,0.1,Administration,Night,Permanent,0
16.21,0.93,94.09,6.09,3,10.0,0.15,Quality,Night,Permanent,0
27.46,0.84,93.33,5.0,1,19.7,0.08,Administration,Morning,Outsourcing,1
15.02,0.9,92.78,3.17,3,6.2,0.14,Production,Night,Temporary,0
36.95,0.98,90.63,5.84,4,25.7,0.04,Production,Morning,Temporary,1
38.9,1.0,98.64,6.54,4,19.9,0.04,Maintenance,Night,Permanent,0
31.66,0.98,102.46,8.9,3,17.7,0.1,Quality,Afternoon,Outsourcing,0
26.27,0.95,93.97,6.93,5,20.6,0.03,Production,Morning,Temporary,1
39.1,0.98,94.52,3.66,3,2.1,0.07,Maintenance,Afternoon,Permanent,1
30.27,1.0,98.65,3.21,2,10.9,0.18,Production,Night,Permanent,1
32.23,0.98,103.7,5.4,1,27.2,0.06,Production,Night,Permanent,1
20.89,0.91,98.23,4.34,2,5.0,0.01,Logistics,Afternoon,Permanent,0
33.6,0.99,103.06,3.7,1,25.6,0.13,Maintenance,Afternoon,Outsourcing,0
32.15,0.96,122.05,7.03,5,4.3,0.14,Production,Afternoon,Outsourcing,0
23.26,1.0,96.0,8.52,5,26.8,0.08,Production,Night,Permanent,0
23.58,0.96,96.96,6.12,4,0.0,0.13,Quality,Morning,Permanent,1
27.18,1.0,102.31,5.08,5,7.4,0.1,Quality,Morning,Permanent,1
24.18,0.9,107.82,6.77,3,3.9,0.19,Maintenance,Afternoon,Permanent,1
0.67,1.0,107.05,4.22,3,4.4,0.25,Logistics,Morning,Permanent,0
30.91,0.86,104.02,7.19,5,9.6,0.15,Administration,Morning,Temporary,0
21.93,0.91,97.51,8.91,2,0.8,0.16,Logistics,Afternoon,Outsourcing,1
35.62,0.93,105.4,5.57,4,19.6,0.13,Production,Night,Permanent,0
35.86,0.96,90.96,4.39,5,14.7,0.12,Production,Morning,Permanent,0
21.28,0.93,87.7,5.56,3,30.0,0.02,Production,Morning,Permanent,1
16.54,0.94,97.93,6.55,2,3.0,0.08,Production,Morning,Outsourcing,1
39.45,0.95,112.7,4.48,4,8.6,0.16,Quality,Night,Permanent,0
36.43,0.9,89.21,5.76,1,13.3,0.09,Administration,Afternoon,Permanent,1
30.89,0.94,79.85,5.15,2,1.0,0.09,Logistics,Morning,Outsourcing,0
35.18,0.9,103.38,2.41,4,17.4,0.08,Administration,Night,Permanent,0
39.49,0.96,113.22,6.75,3,2.9,0.16,Production,Morning,Permanent,1
46.01,1.0,102.71,1.94,5,21.5,0.13,Maintenance,Afternoon,Temporary,0
25.54,0.95,95.95,6.64,3,25.3,0.02,Maintenance,Morning,Outsourcing,1
33.6,1.0,105.41,2.86,2,0.8,0.07,Administration,Morning,Permanent,1
27.56,0.95,91.56,1.88,1,6.9,0.01,Logistics,Morning,Permanent,1
35.49,0.98,88.35,1.27,3,26.9,0.14,Production,Morning,Temporary,0
44.79,0.88,120.67,3.56,3,24.5,0.18,Logistics,Morning,Permanent,0
13.11,0.86,88.26,8.61,3,1.2,0.05,Maintenance,Morning,Permanent,1
8.82,1.0,97.99,7.46,4,19.7,0.16,Production,Morning,Permanent,1
12.19,0.98,116.99,6.45,3,17.2,0.0,Maintenance,Morning,Permanent,1
19.37,0.98,75.9,1.78,4,21.7,0.08,Production,Morning,Permanent,0
29.44,0.98,96.49,5.09,5,7.3,0.13,Production,Afternoon,Outsourcing,0
32.42,0.97,103.0,10.06,4,0.0,0.07,Administration,Morning,Permanent,1
42.23,0.88,85.49,4.96,4,16.9,0.08,Maintenance,Night,Permanent,0
15.36,0.95,77.46,5.08,4,17.0,0.1,Production,Night,Permanent,0
20.42,1.0,108.04,5.11,4,25.5,0.09,Maintenance,Morning,Permanent,1
42.58,0.95,99.31,2.84,5,14.4,0.09,Administration,Morning,Temporary,0
30.2,0.92,93.25,3.13,3,6.6,0.03,Production,Afternoon,Permanent,0
42.23,1.0,79.02,1.25,2,0.6,0.12,Maintenance,Night,Permanent,0
41.14,1.0,91.01,4.53,5,8.0,0.04,Production,Afternoon,Permanent,0
11.91,0.98,98.66,6.07,4,25.9,0.14,Production,Morning,Permanent,1
32.21,0.85,89.0,6.71,5,23.9,0.02,Production,Afternoon,Permanent,0
30.89,0.94,98.97,2.91,3,13.9,0.17,Production,Morning,Temporary,0
26.89,0.98,118.63,1.73,5,25.8,0.15,Production,Morning,Permanent,0
37.74,0.92,100.09,7.01,5,19.7,0.13,Logistics,Morning,Temporary,0
30.57,0.98,92.01,3.75,3,21.9,0.04,Production,Morning,Permanent,0
33.62,0.85,92.96,8.59,4,16.9,0.03,Maintenance,Night,Outsourcing,0
35.54,0.96,95.06,4.65,1,18.3,0.04,Maintenance,Night,Permanent,1
42.68,0.98,98.69,3.28,2,20.3,0.18,Production,Morning,Permanent,0
31.54,0.94,106.21,4.78,2,13.4,0.1,Maintenance,Night,Temporary,0
40.98,0.91,86.07,6.12,2,26.4,0.03,Maintenance,Morning,Temporary,1
30.09,0.99,125.29,3.87,3,4.4,0.13,Production,Morning,Permanent,1
31.88,0.98,116.45,3.84,1,9.7,0.06,Production,Afternoon,Temporary,0
35.32,0.92,116.36,3.44,2,19.9,0.09,Production,Morning,Temporary,1
18.37,0.85,95.58,3.93,1,4.8,0.12,Administration,Night,Permanent,0
31.12,1.0,99.98,8.09,1,24.4,0.13,Production,Afternoon,Permanent,1
48.59,0.96,102.23,5.94,1,28.9,0.16,Logistics,Afternoon,Permanent,0
42.47,0.93,92.34,3.01,4,20.4,0.18,Logistics,Night,Permanent,0
28.33,0.91,122.18,1.38,4,29.5,0.13,Production,Afternoon,Temporary,0
35.29,0.98,106.1,3.28,1,0.0,0.07,Maintenance,Night,Temporary,1
32.14,0.84,110.77,6.57,1,24.5,0.07,Logistics,Morning,Permanent,0
43.65,0.86,114.45,2.72,3,13.5,0.05,Maintenance,Afternoon,Temporary,0
47.39,1.0,96.0,6.73,5,0.0,0.2,Quality,Morning,Temporary,0
15.49,0.82,105.11,4.5,2,17.9,0.14,Production,Afternoon,Temporary,1
39.11,0.99,86.87,4.09,3,10.4,0.06,Logistics,Night,Temporary,1
30.66,0.95,123.53,5.58,3,14.5,0.16,Quality,Night,Permanent,1
29.01,1.0,105.64,2.07,3,7.3,0.04,Administration,Morning,Temporary,0
16.18,0.9,108.52,4.9,4,18.3,0.12,Quality,Night,Temporary,0
7.37,0.93,95.22,5.45,2,25.2,0.14,Quality,Afternoon,Temporary,1
17.18,1.0,106.92,6.8,5,0.0,0.1,Quality,Morning,Permanent,0
15.01,0.87,104.61,1.51,4,30.0,0.17,Maintenance,Morning,Permanent,0
41.49,0.97,99.63,4.06,5,21.0,0.17,Logistics,Night,Outsourcing,0
18.79,0.87,99.56,6.75,5,24.3,0.13,Production,Morning,Permanent,0
17.54,0.91,105.79,4.64,1,8.6,0.08,Logistics,Night,Temporary,1
33.89,1.0,116.86,4.64,5,17.3,0.05,Quality,Night,Temporary,0
12.59,0.92,91.3,7.56,2,2.3,0.02,Production,Morning,Permanent,1
43.94,0.96,93.23,5.99,2,20.8,0.11,Maintenance,Morning,Temporary,0
24.84,0.92,107.95,2.79,2,5.8,0.03,Logistics,Afternoon,Permanent,0
31.67,0.93,95.28,2.56,1,29.6,0.07,Maintenance,Morning,Permanent,1
25.23,0.85,119.86,5.58,4,18.1,0.09,Production,Night,Temporary,1
19.41,0.98,102.27,3.93,2,17.6,0.01,Maintenance,Morning,Permanent,1
36.65,0.95,108.31,10.38,2,4.5,0.05,Administration,Morning,Permanent,1
44.86,0.93,96.18,1.73,5,5.6,0.24,Production,Morning,Outsourcing,0
42.28,0.92,99.08,2.35,1,6.4,0.11,Production,Afternoon,Outsourcing,0
16.53,0.97,103.1,2.65,5,5.7,0.04,Maintenance,Morning,Outsourcing,0
42.35,0.79,124.71,4.46,4,10.8,0.12,Production,Afternoon,Permanent,0
34.63,0.93,79.24,6.61,3,26.9,0.06,Logistics,Night,Permanent,0
45.52,0.92,107.41,0.84,4,13.7,0.13,Logistics,Morning,Permanent,0
27.47,0.96,110.09,7.61,3,0.0,0.21,Production,Morning,Permanent,1
24.14,0.97,97.92,3.6,1,20.7,0.15,Logistics,Morning,Permanent,0
36.79,0.96,118.73,1.74,3,10.0,0.11,Production,Morning,Permanent,1
17.66,0.86,91.62,4.57,4,1.7,0.03,Logistics,Afternoon,Temporary,1
26.11,0.97,107.96,3.43,5,6.7,0.11,Quality,Morning,Temporary,0
48.28,0.99,105.4,7.61,1,1.6,0.08,Production,Morning,Permanent,1
41.51,0.84,88.07,3.37,2,8.9,0.12,Logistics,Morning,Outsourcing,0
28.41,1.0,92.73,5.77,4,1.9,0.14,Maintenance,Morning,Permanent,0
28.14,0.81,79.81,1.9,1,7.0,0.14,Production,Afternoon,Permanent,1
11.37,0.95,91.59,4.25,5,22.2,0.16,Production,Morning,Permanent,0
14.44,0.97,92.7,3.5,1,12.3,0.22,Logistics,Morning,Permanent,0
32.35,0.98,93.17,2.64,3,3.7,0.12,Logistics,Night,Permanent,1
18.05,0.88,93.45,4.99,4,0.0,0.03,Logistics,Afternoon,Temporary,1
35.16,0.98,110.92,7.69,2,30.0,0.12,Quality,Morning,Permanent,0
16.96,0.83,97.08,2.57,3,1.4,0.05,Production,Afternoon,Permanent,1
32.62,1.0,95.62,1.68,4,25.1,0.12,Production,Night,Permanent,0
28.49,1.0,127.71,4.42,5,5.3,0.1,Administration,Afternoon,Outsourcing,0
20.6,0.97,112.04,2.98,3,5.9,0.06,Production,Night,Temporary,1
26.19,0.94,92.25,7.05,3,5.2,0.11,Administration,Morning,Temporary,0
19.23,0.9,105.39,6.09,4,12.8,0.07,Quality,Afternoon,Outsourcing,0
28.86,0.96,88.41,6.78,5,22.9,0.1,Production,Morning,Temporary,1
28.53,1.0,113.77,5.05,2,26.2,0.13,Production,Night,Permanent,0
22.33,1.0,102.41,2.82,4,30.0,0.15,Production,Afternoon,Permanent,0
46.79,0.94,105.22,8.81,3,15.1,0.05,Maintenance,Night,Temporary,1
22.98,0.97,76.16,7.51,1,9.4,0.1,Maintenance,Morning,Permanent,1
22.78,0.87,103.86,3.02,2,1.2,0.19,Logistics,Morning,Permanent,0
41.12,0.78,110.73,6.26,5,30.0,0.11,Production,Afternoon,Permanent,0
39.24,1.0,96.69,4.18,3,3.2,0.03,Production,Morning,Permanent,0
43.13,0.96,106.01,3.2,2,10.6,0.14,Production,Morning,Permanent,1
27.52,0.99,106.12,7.13,3,18.1,0.09,Quality,Afternoon,Permanent,0
10.01,0.98,93.42,5.43,3,24.0,0.0,Logistics,Morning,Temporary,0
23.36,0.99,93.54,5.23,4,28.9,0.08,Production,Morning,Permanent,0
23.36,1.0,104.9,5.17,3,23.7,0.09,Quality,Morning,Permanent,0
29.1,0.95,98.86,6.0,4,26.5,0.13,Maintenance,Afternoon,Permanent,0
22.97,0.95,101.04,7.22,5,4.1,0.06,Quality,Morning,Temporary,0
14.13,0.88,111.04,1.62,4,28.9,0.15,Maintenance,Morning,Permanent,0
23.14,0.9,105.09,4.83,5,13.7,0.07,Quality,Afternoon,Outsourcing,0
14.92,0.99,83.99,5.24,2,0.0,0.04,Quality,Afternoon,Permanent,0
34.09,0.87,78.7,3.22,5,25.7,0.14,Quality,Morning,Temporary,0
32.01,1.0,90.99,1.49,1,30.0,0.08,Administration,Morning,Permanent,0
26.14,0.95,113.85,4.68,4,23.3,0.1,Production,Night,Permanent,0
36.71,0.87,97.15,4.61,3,6.6,0.07,Quality,Morning,Permanent,0
20.46,0.96,86.01,6.28,5,28.7,0.13,Logistics,Morning,Outsourcing,1
38.22,0.95,101.25,3.68,3,8.3,0.13,Production,Morning,Permanent,1
22.65,0.95,76.02,4.73,1,13.3,0.13,Production,Afternoon,Permanent,1
18.84,0.97,95.38,6.58,4,2.4,0.02,Administration,Morning,Outsourcing,1
26.36,0.97,106.07,6.22,2,25.4,0.0,Production,Morning,Permanent,0
9.86,0.96,84.59,2.8,3,10.2,0.08,Maintenance,Morning,Permanent,0
33.14,0.92,94.73,2.39,5,7.1,0.01,Production,Morning,Permanent,0
8.22,0.94,110.82,5.83,2,21.2,0.11,Production,Morning,Outsourcing,1
33.19,0.92,104.63,5.18,2,11.0,0.15,Maintenance,Night,Permanent,0
23.27,0.93,100.54,3.92,2,16.0,0.1,Logistics,Afternoon,Permanent,0
15.87,0.9,119.07,5.39,4,30.0,0.11,Production,Morning,Permanent,0
26.47,0.91,100.19,3.56,2,21.2,0.13,Logistics,Morning,Permanent,0
21.17,0.95,112.71,6.98,1,2.4,0.14,Logistics,Afternoon,Outsourcing,1
31.57,0.94,81.48,4.5,4,7.2,0.19,Maintenance,Morning,Permanent,0
6.68,0.85,93.43,6.29,4,3.8,0.03,Production,Afternoon,Temporary,1
13.87,0.91,111.7,7.99,3,14.1,0.11,Production,Afternoon,Temporary,0
23.79,0.99,93.49,6.07,3,12.1,0.07,Logistics,Afternoon,Permanent,1
36.08,0.92,91.86,6.65,1,23.4,0.08,Quality,Night,Permanent,1
33.9,0.97,102.96,4.51,5,11.4,0.12,Logistics,Morning,Permanent,0
21.71,0.95,98.07,5.34,3,15.0,0.05,Production,Night,Permanent,0
17.72,0.93,81.62,3.55,2,11.6,0.14,Production,Night,Permanent,1
9.94,0.91,109.21,3.39,3,15.0,0.02,Production,Afternoon,Permanent,0
37.12,0.97,104.72,3.22,5,26.4,0.2,Quality,Morning,Permanent,0
11.89,0.87,106.93,5.45,5,7.0,0.11,Production,Afternoon,Temporary,1
36.72,0.98,95.25,4.98,3,7.7,0.23,Production,Morning,Permanent,0
23.27,1.0,84.44,7.39,3,8.1,0.14,Quality,Afternoon,Temporary,0
41.6,1.0,98.5,8.23,2,8.7,0.16,Quality,Morning,Permanent,0
19.22,0.92,92.93,5.91,2,4.9,0.07,Maintenance,Morning,Permanent,1
24.23,0.9,109.23,8.07,5,5.9,0.18,Quality,Night,Temporary,1
23.4,0.87,105.7,3.39,4,18.7,0.1,Production,Morning,Permanent,0
35.49,0.98,109.76,9.31,3,15.1,0.06,Quality,Morning,Temporary,0
18.24,0.87,109.38,6.41,2,10.8,0.1,Production,Afternoon,Outsourcing,1
33.2,0.98,109.64,4.75,1,11.5,0.17,Maintenance,Night,Permanent,0
25.08,0.99,83.01,5.8,2,6.4,0.08,Production,Afternoon,Permanent,0
13.0,1.0,99.76,3.37,2,13.2,0.1,Maintenance,Night,Permanent,0
22.17,0.97,102.29,3.12,1,10.5,0.11,Quality,Morning,Temporary,1
31.0,0.96,102.95,8.16,1,21.5,0.13,Logistics,Morning,Permanent,0
41.16,0.93,103.32,4.46,3,24.6,0.08,Production,Afternoon,Temporary,0
34.55,0.97,95.8,5.66,4,27.7,0.04,Production,Morning,Permanent,0
43.28,1.0,116.65,3.57,2,5.3,0.2,Production,Afternoon,Permanent,1
25.51,0.95,100.0,3.56,3,24.4,0.03,Logistics,Night,Permanent,0
17.09,0.96,98.3,7.25,3,6.6,0.03,Administration,Morning,Outsourcing,1
25.71,0.96,106.79,4.8,5,26.4,0.08,Logistics,Morning,Temporary,0
31.68,0.92,104.35,4.48,5,25.7,0.11,Logistics,Morning,Temporary,0
27.83,0.96,96.21,1.44,4,18.8,0.12,Administration,Morning,Permanent,0
31.17,0.96,111.22,3.67,2,3.6,0.07,Production,Night,Permanent,0
21.11,0.92,71.51,4.93,3,16.2,0.1,Quality,Morning,Permanent,1
33.13,0.9,96.92,5.91,3,18.2,0.07,Quality,Morning,Permanent,0
44.61,1.0,93.2,5.02,3,18.5,0.13,Quality,Morning,Temporary,0
33.66,0.92,86.43,5.89,4,0.0,0.01,Production,Afternoon,Permanent,0
41.93,0.93,121.55,2.84,5,13.9,0.15,Maintenance,Night,Outsourcing,0
2.85,1.0,106.76,4.24,3,11.2,0.21,Logistics,Morning,Permanent,0
15.45,0.94,102.78,5.53,5,30.0,0.07,Administration,Afternoon,Permanent,1
24.59,0.93,99.43,4.33,5,18.0,0.13,Production,Morning,Permanent,0
22.36,1.0,116.92,6.31,3,16.2,0.1,Administration,Morning,Permanent,0
27.34,0.99,97.44,6.2,2,21.3,0.17,Production,Night,Permanent,1
11.49,1.0,107.63,3.43,3,0.0,0.08,Production,Afternoon,Temporary,1
27.9,0.99,99.77,3.72,1,7.2,0.18,Maintenance,Afternoon,Permanent,0
21.44,0.9,117.55,5.31,1,18.8,0.08,Logistics,Night,Permanent,0
18.06,0.98,91.8,1.76,5,10.0,0.07,Production,Afternoon,Permanent,0
35.8,0.98,130.0,8.17,2,13.7,0.15,Administration,Morning,Permanent,0
25.82,0.91,98.16,2.49,2,24.7,0.12,Production,Night,Temporary,1
20.63,0.89,104.29,3.67,4,17.6,0.26,Production,Morning,Permanent,0
22.99,0.9,99.66,5.54,1,7.8,0.06,Production,Night,Outsourcing,1
21.63,0.95,79.14,3.37,1,14.2,0.18,Quality,Afternoon,Outsourcing,0
9.14,0.86,110.91,2.05,5,9.3,0.18,Logistics,Morning,Permanent,1
32.3,0.98,79.75,4.28,5,14.5,0.13,Production,Night,Outsourcing,1
36.03,0.93,95.31,5.29,1,9.8,0.12,Production,Afternoon,Permanent,1
30.74,0.92,81.69,6.32,5,16.5,0.19,Maintenance,Afternoon,Permanent,0
25.55,0.96,108.18,10.2,2,26.6,0.13,Maintenance,Afternoon,Permanent,0
23.35,0.96,100.9,3.51,2,10.7,0.07,Production,Morning,Permanent,0
49.81,0.83,87.9,4.28,5,0.0,0.07,Production,Afternoon,Permanent,0
16.53,0.96,93.4,3.74,5,24.5,0.09,Quality,Morning,Permanent,0
47.95,0.96,84.96,7.22,3,16.0,0.12,Administration,Morning,Temporary,1
44.1,0.96,96.3,8.09,1,23.1,0.09,Logistics,Morning,Permanent,0
26.14,1.0,95.18,4.77,3,4.1,0.0,Quality,Morning,Permanent,0
34.01,1.0,77.5,8.96,1,11.2,0.1,Production,Morning,Permanent,1
41.67,0.93,91.17,6.48,5,30.0,0.1,Maintenance,Morning,Temporary,1
25.87,0.94,99.21,6.79,1,9.3,0.15,Production,Morning,Permanent,1
18.94,0.99,109.15,6.29,1,0.4,0.06,Production,Night,Temporary,1
26.88,1.0,89.53,3.62,1,12.9,0.09,Production,Afternoon,Permanent,0
45.56,0.99,114.33,6.45,3,30.0,0.17,Production,Afternoon,Permanent,0
30.58,1.0,99.68,3.58,1,19.0,0.08,Production,Afternoon,Permanent,0
18.69,0.99,91.25,1.18,1,5.7,0.16,Administration,Afternoon,Permanent,0
34.37,0.88,99.74,3.95,5,12.2,0.04,Logistics,Night,Outsourcing,0
12.75,0.94,91.0,3.97,4,21.2,0.07,Production,Afternoon,Permanent,0
24.19,0.86,116.81,3.29,5,7.5,0.23,Maintenance,Night,Temporary,0
39.47,0.92,107.25,7.85,2,26.2,0.19,Production,Night,Permanent,0
28.88,1.0,102.59,4.02,4,0.0,0.19,Production,Morning,Permanent,1
13.35,0.91,102.9,3.87,3,6.4,0.04,Logistics,Morning,Permanent,0
52.09,0.95,99.25,3.35,4,7.5,0.12,Production,Afternoon,Permanent,0
27.86,0.99,108.01,3.85,4,8.5,0.17,Logistics,Morning,Temporary,0
32.57,1.0,107.27,4.56,2,7.6,0.04,Production,Night,Permanent,0
31.9,0.99,104.41,1.11,4,21.4,0.11,Quality,Afternoon,Outsourcing,0
49.53,0.95,104.58,9.86,3,8.2,0.15,Production,Afternoon,Permanent,0
8.1,0.99,119.0,3.87,4,2.2,0.13,Production,Morning,Outsourcing,1
12.54,1.0,90.86,4.33,1,23.8,0.22,Production,Afternoon,Permanent,1
30.2,1.0,82.02,0.0,2,1.3,0.14,Production,Morning,Permanent,1
15.69,0.91,98.35,3.82,3,24.2,0.07,Logistics,Night,Permanent,0
39.36,0.92,97.67,3.59,1,9.8,0.06,Quality,Morning,Temporary,0
29.91,0.92,118.26,6.65,3,10.2,0.12,Logistics,Afternoon,Outsourcing,0
31.7,0.95,101.18,5.12,3,20.7,0.06,Quality,Morning,Permanent,1
27.35,0.91,106.26,4.71,5,0.0,0.13,Production,Night,Permanent,0
23.19,1.0,99.87,4.04,1,16.7,0.15,Quality,Morning,Permanent,0
17.56,0.97,94.56,4.04,1,14.5,0.12,Logistics,Afternoon,Temporary,1
36.1,0.88,107.09,6.63,4,8.6,0.14,Production,Morning,Temporary,1
33.24,0.85,98.87,1.47,5,23.7,0.05,Quality,Afternoon,Permanent,0
18.07,0.95,97.32,7.87,3,0.0,0.07,Administration,Afternoon,Permanent,1
38.13,0.98,89.07,4.58,3,14.8,0.14,Logistics,Morning,Permanent,0
28.92,0.98,92.52,1.56,5,22.0,0.15,Maintenance,Morning,Outsourcing,0
32.23,0.98,108.49,5.9,2,26.1,0.04,Logistics,Night,Permanent,0
19.62,0.87,89.49,5.5,4,25.4,0.1,Production,Morning,Temporary,1
29.85,0.99,110.77,5.65,4,5.6,0.15,Quality,Morning,Temporary,0
45.64,0.94,112.26,8.63,5,6.2,0.0,Administration,Morning,Permanent,0
29.41,0.92,105.13,4.43,3,11.4,0.14,Logistics,Morning,Temporary,0
29.0,0.92,96.97,2.56,3,21.6,0.06,Quality,Morning,Permanent,0
30.36,1.0,95.22,3.71,3,19.7,0.15,Production,Afternoon,Outsourcing,0
32.75,0.98,92.56,3.66,3,23.4,0.11,Logistics,Night,Permanent,1
45.62,0.92,97.69,7.56,2,10.8,0.18,Quality,Morning,Permanent,0
24.93,0.96,91.26,6.34,4,15.0,0.08,Logistics,Afternoon,Outsourcing,1
16.65,0.97,85.98,4.23,1,10.9,0.15,Production,Afternoon,Temporary,1
30.31,0.94,110.3,6.96,5,8.0,0.09,Production,Morning,Permanent,0
17.74,0.97,114.08,3.02,5,17.1,0.04,Administration,Morning,Outsourcing,0
26.4,0.92,109.35,6.93,4,6.2,0.08,Production,Morning,Permanent,1
36.26,0.92,89.42,8.38,4,7.7,0.14,Quality,Morning,Temporary,0
44.55,1.0,106.92,5.13,2,30.0,0.15,Logistics,Afternoon,Outsourcing,1
48.34,1.0,115.73,8.84,2,28.1,0.14,Production,Afternoon,Permanent,0
32.45,0.89,97.25,7.0,3,13.4,0.14,Production,Morning,Outsourcing,0
26.92,0.92,98.4,3.94,1,14.0,0.03,Maintenance,Morning,Permanent,1
38.43,0.91,104.16,7.21,4,14.7,0.1,Logistics,Afternoon,Permanent,0
27.69,0.94,125.54,3.39,4,2.9,0.07,Production,Morning,Temporary,0
24.53,1.0,105.2,6.36,4,12.5,0.05,Administration,Morning,Permanent,1
35.39,0.98,105.49,4.95,5,18.0,0.12,Maintenance,Morning,Permanent,1
31.7,0.95,107.15,4.08,5,4.3,0.09,Production,Morning,Temporary,0
21.79,0.99,105.7,8.97,5,11.6,0.09,Production,Morning,Outsourcing,0
42.32,0.91,108.79,8.28,3,24.1,0.0,Maintenance,Afternoon,Temporary,0
17.06,0.87,104.83,2.19,5,21.1,0.1,Production,Morning,Permanent,0
28.74,0.9,93.6,4.86,3,15.0,0.12,Quality,Morning,Outsourcing,1
35.98,0.86,97.22,4.48,2,18.4,0.14,Production,Morning,Temporary,0
27.09,0.98,104.86,6.96,1,15.4,0.16,Production,Afternoon,Outsourcing,1
37.24,0.95,89.22,6.49,1,20.5,0.11,Maintenance,Night,Permanent,1
40.43,0.92,104.06,4.04,1,19.4,0.05,Maintenance,Afternoon,Temporary,0
41.59,1.0,125.82,3.04,3,10.8,0.14,Production,Morning,Permanent,0
48.91,0.92,99.16,1.89,3,23.9,0.13,Quality,Morning,Temporary,0
32.2,0.98,100.32,3.21,3,10.9,0.07,Production,Morning,Permanent,0
28.7,0.94,115.35,7.99,4,1.5,0.13,Logistics,Morning,Temporary,0
26.08,1.0,82.24,1.68,1,25.5,0.11,Administration,Morning,Permanent,0
43.07,0.95,107.18,9.0,2,11.7,0.07,Logistics,Morning,Permanent,0
32.92,0.88,110.65,1.29,2,7.5,0.04,Quality,Night,Temporary,0
30.35,0.98,95.74,6.21,3,24.2,0.11,Quality,Afternoon,Permanent,0
37.25,0.91,83.78,3.93,2,30.0,0.1,Production,Morning,Permanent,0
53.69,0.93,100.47,6.84,1,15.5,0.16,Maintenance,Night,Temporary,1
42.32,0.93,107.17,3.28,1,30.0,0.2,Logistics,Morning,Temporary,0
14.36,0.99,103.48,5.69,3,16.5,0.15,Maintenance,Morning,Permanent,0
27.48,0.96,95.16,2.43,5,30.0,0.09,Logistics,Afternoon,Outsourcing,0
15.14,0.94,95.36,6.69,3,23.3,0.19,Quality,Night,Outsourcing,1
29.82,0.94,86.29,7.73,2,15.0,0.0,Production,Afternoon,Permanent,0
40.74,0.93,91.78,1.99,4,2.6,0.07,Logistics,Night,Permanent,0
31.07,0.96,97.35,1.94,5,10.6,0.07,Administration,Morning,Permanent,0
33.07,0.98,92.02,6.9,4,9.5,0.12,Quality,Afternoon,Permanent,0
53.16,0.88,102.62,2.54,3,10.9,0.16,Logistics,Night,Permanent,0
22.57,0.96,92.89,7.75,4,19.2,0.13,Production,Afternoon,Temporary,1
26.43,0.98,82.17,5.9,1,20.5,0.05,Quality,Night,Permanent,1
31.9,0.95,87.44,4.2,4,23.2,0.07,Production,Morning,Permanent,0
22.92,0.95,89.15,7.56,3,0.0,0.07,Production,Afternoon,Temporary,1
46.8,0.92,94.79,0.66,4,12.1,0.11,Production,Morning,Temporary,1
33.91,0.98,97.52,5.45,3,20.7,0.05,Production,Morning,Outsourcing,0
22.48,0.95,91.7,5.54,5,9.1,0.1,Quality,Morning,Permanent,1
40.15,0.83,96.03,0.28,2,5.3,0.17,Quality,Night,Permanent,0
32.74,0.94,96.61,7.23,3,6.6,0.14,Production,Morning,Outsourcing,1
51.83,1.0,107.14,6.2,5,21.1,0.12,Quality,Morning,Permanent,0
21.81,0.91,102.23,6.29,2,14.1,0.09,Administration,Morning,Permanent,1
17.71,0.92,94.52,3.04,4,0.5,0.18,Production,Afternoon,Permanent,1
28.64,1.0,125.62,5.08,1,18.0,0.1,Production,Afternoon,Temporary,1
31.03,0.87,94.9,3.86,5,22.2,0.03,Production,Afternoon,Permanent,0
45.08,0.88,90.14,5.54,5,26.7,0.18,Quality,Morning,Temporary,0
22.71,0.99,83.98,4.23,2,7.9,0.11,Production,Afternoon,Permanent,0
28.77,0.91,93.42,7.5,1,30.0,0.11,Production,Afternoon,Permanent,0
29.28,0.96,102.67,5.04,3,10.9,0.13,Maintenance,Morning,Temporary,0
38.28,0.86,94.24,6.59,5,12.1,0.14,Maintenance,Afternoon,Temporary,1
35.02,1.0,98.92,3.77,2,16.2,0.16,Production,Morning,Permanent,0
20.04,0.9,106.4,6.46,4,2.3,0.03,Logistics,Afternoon,Temporary,1
20.74,0.98,83.8,2.32,3,13.0,0.05,Production,Night,Outsourcing,1
36.47,0.86,107.03,2.99,2,27.9,0.06,Logistics,Afternoon,Outsourcing,0
