press_speed_spm,raw_material_hardness_hrb,operator_experience_yrs,ambient_temp_c,critical_supplier_lot,shift,recent_model_change,setup_checklist_complete,scrap_risk
56.67,74.48,4.12,32.05,0,Day,0,0,High
41.5,84.3,1.42,20.23,0,Night,0,0,Medium
18.61,82.04,0.0,22.42,0,Early_Morning,1,1,Medium
59.49,89.53,1.0,24.55,0,Night,0,1,Medium
37.12,69.8,1.86,17.07,0,Day,0,0,Medium
35.18,91.0,2.87,26.27,0,Early_Morning,1,0,Medium
26.14,70.53,1.7,27.73,0,Night,1,0,Medium
45.11,74.49,3.35,25.81,0,Day,0,1,Low
30.59,77.22,2.83,27.68,1,Early_Morning,1,0,High
32.98,77.76,0.7,19.61,1,Night,0,1,Medium
25.38,83.88,1.5,25.67,0,Day,0,0,Low
42.64,76.31,0.79,27.25,0,Day,0,0,High
49.33,85.98,0.13,28.3,0,Early_Morning,0,0,High
40.69,66.47,0.0,28.73,1,Night,1,1,High
20.72,77.87,3.47,20.67,0,Day,0,1,Low
56.0,75.83,0.39,27.37,0,Night,0,1,High
41.76,97.65,3.68,26.58,0,Night,0,0,Medium
27.58,83.91,1.98,24.98,0,Day,0,0,Low
23.18,79.56,3.33,23.16,0,Day,0,0,Medium
51.47,71.29,0.38,22.4,0,Night,0,0,High
36.49,90.88,5.75,24.07,0,Day,1,1,Low
47.13,75.44,1.74,23.42,1,Night,0,1,Medium
42.45,76.57,0.56,25.51,0,Day,1,1,Medium
57.45,78.49,1.17,24.11,1,Day,0,1,High
22.57,75.14,0.29,25.71,1,Day,0,0,High
31.03,77.17,0.52,27.36,0,Day,1,0,Medium
26.4,74.93,0.0,26.99,0,Night,0,0,Medium
27.39,79.91,2.23,22.95,1,Day,0,0,Medium
44.36,85.69,0.61,22.03,1,Day,0,1,Medium
19.48,83.49,0.16,24.46,1,Night,1,1,High
22.86,68.49,6.53,24.69,0,Day,1,1,Low
31.8,91.53,6.27,21.37,0,Day,1,1,Medium
29.51,83.93,2.24,20.11,0,Early_Morning,0,1,Low
44.6,78.88,2.53,18.4,0,Day,1,1,Low
49.47,72.96,1.08,19.68,0,Night,1,0,High
51.11,82.45,0.97,24.05,0,Day,0,0,High
36.9,81.28,1.29,23.71,1,Day,1,0,High
21.33,74.25,4.64,22.73,1,Day,0,1,Low
48.18,83.66,1.63,23.76,1,Night,0,1,Medium
21.31,88.57,0.98,23.68,1,Day,1,0,High
50.56,76.5,0.89,22.52,1,Day,0,1,Medium
59.57,75.78,2.73,27.45,1,Day,1,0,High
34.95,73.53,0.91,20.57,1,Night,0,0,High
47.06,82.12,6.87,21.03,0,Day,0,1,Low
45.06,85.85,4.15,24.34,0,Day,0,0,Low
44.26,72.84,1.04,25.27,0,Day,0,0,Medium
60.21,69.47,1.85,22.16,0,Early_Morning,0,1,Medium
36.02,74.4,3.38,31.13,1,Night,0,0,Medium
30.78,85.6,0.0,29.04,0,Day,0,1,Low
22.16,81.77,2.61,20.39,0,Night,1,0,Medium
51.61,82.56,2.45,23.61,0,Early_Morning,1,1,High
47.49,91.66,8.14,27.76,1,Early_Morning,0,1,Medium
50.38,80.79,4.94,26.01,0,Early_Morning,1,0,High
50.64,86.48,0.7,18.68,1,Day,1,1,High
29.25,82.21,8.58,24.7,1,Day,1,1,Medium
30.88,72.94,0.09,26.44,0,Day,1,1,Medium
36.18,74.8,3.15,23.4,0,Night,0,0,Low
52.46,85.4,6.24,20.95,0,Day,1,0,Medium
43.8,90.96,0.64,27.76,1,Early_Morning,0,0,High
53.48,83.87,1.14,22.54,0,Night,0,1,Medium
59.75,76.3,2.73,28.9,0,Day,0,1,Medium
41.24,79.61,0.31,20.19,1,Early_Morning,0,1,Medium
28.35,74.75,2.7,18.17,0,Day,1,0,Medium
54.12,67.92,0.69,23.51,0,Night,1,1,High
31.54,82.67,7.45,20.78,0,Day,1,0,Medium
46.64,74.96,0.97,19.23,0,Day,0,0,Medium
51.49,62.11,6.04,23.89,0,Night,0,0,Medium
30.62,79.5,2.01,21.57,0,Early_Morning,1,1,Medium
21.14,93.87,0.92,19.15,0,Early_Morning,0,0,High
27.44,71.81,5.18,19.11,0,Night,0,1,Low
35.27,76.72,1.76,26.75,0,Night,0,1,Low
40.38,72.93,7.23,28.84,0,Night,0,0,Low
56.92,73.29,0.0,27.5,0,Day,0,0,High
24.11,91.72,0.6,26.33,0,Night,0,0,Medium
62.85,72.56,1.08,24.79,1,Day,0,1,High
47.88,94.8,1.36,25.59,1,Night,0,1,High
51.64,74.26,1.46,22.06,0,Day,0,1,Medium
49.8,67.94,1.58,21.66,0,Day,0,1,Low
25.02,87.58,2.83,22.72,0,Night,0,0,Medium
45.18,74.74,3.27,25.51,0,Day,0,1,Low
35.46,74.77,4.2,20.68,0,Night,1,1,Medium
27.94,77.99,0.96,21.98,1,Day,1,0,High
50.97,72.5,1.27,21.87,1,Day,0,0,High
32.44,83.83,0.62,20.76,1,Day,1,1,Medium
42.33,83.19,1.23,23.5,0,Day,0,1,Low
49.26,82.62,0.48,22.95,0,Day,1,1,Medium
45.44,76.85,2.42,24.17,0,Day,1,1,Medium
32.64,76.94,1.82,27.91,0,Day,1,0,Medium
52.08,77.16,0.06,25.64,0,Day,0,0,Medium
20.83,77.81,0.58,22.73,0,Early_Morning,0,0,Medium
43.59,71.57,0.98,22.76,1,Day,0,0,High
61.04,82.68,6.43,17.04,0,Day,0,0,Medium
52.9,83.38,0.13,21.19,1,Early_Morning,0,1,High
44.94,83.04,10.78,20.53,1,Night,0,1,Medium
29.84,85.9,0.0,19.15,0,Day,0,1,Low
21.97,81.98,3.96,23.44,0,Night,1,1,Low
61.38,85.78,12.68,18.03,0,Day,1,1,Medium
39.61,78.62,2.16,22.02,0,Night,0,0,Medium
55.49,76.09,5.72,24.33,1,Early_Morning,1,0,High
23.94,80.56,6.04,22.05,1,Night,0,1,Low
28.01,62.76,2.4,24.89,0,Early_Morning,0,0,Medium
22.89,79.83,0.5,31.05,1,Day,0,0,Medium
22.34,92.67,0.75,21.21,0,Day,1,1,Medium
26.54,74.24,4.76,23.76,0,Early_Morning,0,1,Low
57.58,70.92,0.25,23.81,0,Day,1,1,High
39.89,68.41,5.24,21.98,0,Early_Morning,1,0,Medium
33.75,73.54,0.73,23.75,0,Day,0,0,Medium
45.08,83.0,1.86,22.88,0,Night,0,0,Medium
20.08,97.33,0.36,19.12,0,Day,0,1,Medium
24.53,97.04,3.32,23.84,1,Day,0,0,High
21.73,81.87,3.67,28.18,0,Day,0,1,Low
40.17,62.56,0.49,22.25,0,Day,1,1,Medium
38.94,76.66,2.53,21.84,0,Early_Morning,0,0,Medium
23.1,88.82,0.0,25.81,1,Night,0,0,High
37.9,70.03,0.4,22.25,1,Night,0,0,High
36.38,78.44,0.57,25.44,0,Early_Morning,1,0,Medium
37.02,84.58,0.39,21.95,0,Day,0,0,Medium
45.06,76.31,13.4,20.25,0,Day,0,1,Low
35.86,74.54,2.05,23.08,1,Night,0,0,High
30.15,75.89,2.55,24.47,0,Night,0,0,Medium
41.46,90.35,4.38,22.77,1,Day,0,0,Medium
58.08,85.1,0.91,21.05,0,Early_Morning,0,1,High
46.15,84.41,1.96,26.79,0,Early_Morning,1,0,Medium
34.94,65.2,2.52,23.84,0,Day,1,1,Medium
34.63,79.14,1.32,27.04,1,Night,1,1,High
26.33,76.88,2.05,21.13,0,Night,1,1,Medium
21.88,71.09,0.61,29.19,1,Day,0,0,Medium
25.85,77.69,2.55,27.93,0,Early_Morning,1,0,Medium
58.02,63.74,3.48,27.12,0,Day,0,0,Medium
56.44,80.59,4.32,23.31,0,Day,0,0,Medium
49.12,76.26,0.23,22.78,1,Day,0,1,Medium
41.94,77.23,0.22,23.3,0,Day,0,0,Medium
44.23,87.6,9.89,23.18,0,Night,1,1,Medium
35.37,85.79,3.08,22.28,0,Early_Morning,0,1,Low
53.51,83.07,10.55,20.85,1,Day,0,1,Medium
38.76,86.45,0.0,23.7,0,Day,0,0,Medium
46.52,80.61,0.55,26.37,0,Night,1,1,Medium
56.68,77.96,2.11,27.01,0,Early_Morning,0,0,High
45.72,84.53,0.0,26.19,0,Early_Morning,1,0,High
57.81,77.44,0.08,26.09,0,Night,0,0,High
22.52,95.75,0.54,19.9,0,Early_Morning,0,0,High
40.63,85.8,3.02,19.87,1,Day,0,0,Medium
47.91,78.64,1.37,20.37,0,Day,1,1,Medium
20.73,60.33,0.58,26.43,0,Early_Morning,1,1,High
45.38,80.91,3.81,22.85,0,Early_Morning,0,0,Low
47.42,91.18,0.0,23.11,0,Early_Morning,0,0,Medium
34.21,59.88,0.8,27.38,1,Night,1,1,High
51.28,83.12,5.77,25.14,1,Night,0,0,High
21.9,91.77,2.0,21.58,0,Early_Morning,0,1,Medium
23.5,71.37,0.93,21.86,1,Day,0,0,Medium
46.64,82.87,1.21,24.95,0,Day,1,0,Medium
38.35,85.01,0.0,22.76,1,Night,1,1,High
40.71,90.72,10.96,24.81,0,Day,0,1,Low
49.46,70.78,1.95,27.1,0,Early_Morning,0,0,Medium
18.85,79.99,3.34,28.07,0,Early_Morning,1,1,Medium
24.91,71.61,0.41,23.08,0,Day,1,0,Medium
42.38,85.81,0.94,26.01,0,Early_Morning,0,1,Medium
32.71,66.15,3.55,20.81,0,Day,0,0,Medium
47.39,82.06,2.63,26.55,0,Day,1,0,Medium
32.07,71.08,2.36,35.82,1,Day,0,0,Medium
30.71,74.92,1.31,21.67,0,Day,1,0,Medium
51.57,88.57,2.35,27.37,1,Night,1,0,High
32.82,66.49,2.4,20.73,0,Night,1,0,High
53.95,70.21,3.59,24.23,0,Night,0,0,High
59.31,80.57,0.17,28.25,0,Day,0,0,High
25.68,82.95,0.0,25.24,0,Day,1,1,Medium
21.16,92.72,4.74,21.65,0,Day,0,0,Medium
22.79,74.19,0.0,22.77,0,Night,0,0,Medium
57.01,85.17,2.05,20.47,0,Day,0,1,Medium
27.96,68.46,2.82,23.67,0,Night,0,1,Low
31.18,79.36,17.29,30.66,0,Day,0,1,Low
37.99,76.61,2.98,23.83,0,Early_Morning,0,0,Medium
50.73,77.68,0.34,26.62,1,Day,0,1,High
46.2,78.4,5.44,21.45,0,Day,1,1,Low
40.22,74.54,0.0,23.28,0,Day,1,0,Medium
28.57,77.32,2.13,21.28,0,Night,0,1,Low
51.35,71.8,2.16,25.35,0,Early_Morning,1,0,High
59.04,67.67,1.59,27.9,0,Night,0,0,High
40.88,77.1,5.45,21.55,0,Early_Morning,0,1,Low
59.99,83.39,1.44,24.59,0,Night,1,1,High
26.25,60.22,2.87,18.09,1,Day,0,1,Medium
43.84,71.17,4.71,24.28,0,Early_Morning,1,0,High
54.99,84.05,0.56,26.61,0,Night,0,1,Medium
58.42,85.22,0.0,25.02,0,Day,1,0,High
31.3,73.17,1.51,19.48,0,Day,0,1,Low
50.29,72.51,0.15,18.94,0,Early_Morning,0,0,High
20.42,84.51,0.0,22.9,1,Early_Morning,0,0,High
55.51,86.57,9.76,29.55,0,Day,0,0,Medium
40.05,82.12,1.84,25.96,1,Early_Morning,0,0,High
43.18,76.74,2.08,29.0,0,Early_Morning,0,0,Medium
36.53,84.37,10.37,24.01,1,Night,0,1,Medium
35.1,79.91,10.24,24.27,0,Night,1,0,Medium
39.59,94.13,0.59,26.58,1,Day,0,1,Medium
53.97,89.02,0.89,22.77,0,Early_Morning,0,1,Medium
29.66,84.42,0.85,23.06,0,Early_Morning,0,1,Medium
31.83,63.86,2.52,25.21,1,Night,0,0,High
39.9,75.34,2.98,23.7,0,Night,0,0,Low
41.28,82.41,0.51,27.2,0,Day,1,0,Medium
60.31,87.7,1.4,27.54,0,Day,0,0,High
44.97,62.3,4.89,24.57,0,Day,0,0,Low
24.0,71.6,3.53,27.44,1,Early_Morning,0,1,Medium
39.33,88.06,0.24,27.02,0,Early_Morning,0,1,Medium
55.18,82.83,1.95,26.31,1,Day,1,1,High
35.11,69.13,2.73,21.21,1,Night,1,0,High
32.61,68.85,0.0,20.91,1,Night,1,0,High
45.89,79.71,0.65,29.25,1,Night,0,0,High
51.38,86.0,3.27,21.42,0,Night,0,0,Medium
18.87,72.54,3.22,19.78,0,Day,0,1,Low
36.6,86.03,0.09,23.86,0,Night,1,1,Medium
59.17,74.39,0.63,26.51,0,Night,1,0,High
58.27,69.66,6.38,22.47,1,Night,0,0,High
33.57,86.81,10.08,27.91,1,Early_Morning,0,1,Medium
48.17,81.34,0.0,23.36,1,Night,1,0,High
23.03,58.31,6.82,20.05,0,Night,0,1,Medium
35.98,78.44,0.46,19.91,1,Day,0,1,Medium
56.23,74.06,0.5,29.12,0,Day,0,1,High
29.43,69.39,0.0,26.07,0,Day,0,0,Medium
46.66,62.32,2.6,22.39,0,Night,1,0,High
19.26,90.39,1.9,23.5,0,Night,1,0,Medium
22.27,96.6,0.02,24.82,1,Early_Morning,1,0,High
38.27,90.46,4.0,29.85,0,Early_Morning,0,1,Low
25.61,67.52,4.85,24.5,0,Night,1,1,Medium
27.38,86.37,2.63,22.42,0,Night,0,0,Medium
20.61,79.31,4.11,27.01,0,Day,0,1,Low
22.79,84.81,10.56,26.07,0,Day,0,1,Low
47.75,76.09,1.5,24.58,1,Day,0,0,High
23.51,75.7,0.8,23.92,0,Day,0,1,Low
48.47,92.73,1.23,23.69,0,Night,0,1,Medium
42.3,95.8,9.56,21.54,0,Night,0,1,Medium
48.59,91.08,3.68,17.96,1,Day,0,1,Medium
44.21,69.48,0.0,22.09,1,Day,0,0,High
30.93,71.66,4.16,24.27,0,Day,1,0,Medium
47.48,77.23,1.66,26.82,0,Early_Morning,1,1,Medium
48.69,88.59,2.5,27.32,0,Day,0,0,Low
29.7,88.88,0.0,24.19,0,Day,1,1,Medium
37.65,86.14,13.89,19.93,1,Night,0,1,Medium
55.55,88.89,4.19,27.0,0,Day,0,1,Medium
35.18,71.05,5.26,22.95,1,Early_Morning,0,1,Medium
22.94,79.82,1.53,29.84,0,Day,0,1,Low
18.05,91.95,2.34,26.41,0,Night,1,0,High
36.2,75.55,5.45,29.84,0,Early_Morning,1,0,Medium
38.11,72.83,0.0,17.75,1,Night,1,1,High
22.61,71.61,3.35,20.32,0,Day,0,1,Low
20.85,80.53,2.88,26.73,1,Night,1,1,Medium
22.24,69.39,4.59,20.58,0,Night,0,1,Low
29.39,72.05,4.54,24.24,1,Day,0,0,Medium
56.14,78.85,2.93,27.98,0,Day,0,0,High
28.07,69.36,1.21,20.67,1,Early_Morning,1,0,High
42.51,78.13,3.27,24.99,0,Night,0,0,Medium
50.22,82.03,1.33,22.35,0,Early_Morning,0,1,Medium
36.27,77.04,4.39,24.2,1,Day,0,1,Medium
41.6,76.84,6.83,28.05,0,Day,0,0,Low
48.02,72.21,1.98,27.46,0,Night,0,0,Medium
29.99,63.55,5.66,22.01,0,Day,1,1,Medium
46.52,86.02,3.94,25.16,0,Early_Morning,0,1,Low
25.34,81.42,13.07,23.91,1,Day,1,0,Medium
40.93,91.34,0.22,25.99,0,Day,1,0,High
49.69,87.22,0.97,29.3,0,Early_Morning,0,0,Medium
52.0,87.21,12.38,24.29,0,Day,1,0,High
29.67,74.12,1.88,21.72,0,Night,1,1,Medium
44.0,87.28,1.58,23.87,0,Night,1,1,Medium
24.85,68.28,0.2,26.57,0,Day,0,0,Medium
30.29,73.88,5.02,18.8,0,Night,0,0,Low
43.01,73.09,0.62,24.8,0,Early_Morning,0,1,Low
35.58,87.15,0.41,26.65,0,Day,1,0,High
50.41,93.57,12.02,23.4,0,Day,0,1,Low
47.86,75.9,2.45,19.78,0,Day,0,1,Low
40.32,68.88,0.62,24.25,0,Day,1,0,High
31.1,71.6,1.28,25.71,1,Day,0,1,Medium
64.53,84.77,0.0,25.14,1,Day,1,1,High
51.01,81.32,1.42,23.82,0,Day,0,0,High
53.25,71.59,4.61,24.25,0,Day,0,0,Medium
55.09,86.64,6.87,24.76,0,Day,1,1,Medium
37.26,73.36,1.7,27.76,0,Early_Morning,0,1,Medium
37.74,82.59,1.82,21.78,0,Night,0,1,Low
52.85,95.15,6.65,29.1,0,Day,0,0,High
21.17,83.8,3.81,27.89,0,Day,0,0,Medium
34.1,79.91,0.56,19.76,1,Day,0,1,Medium
53.71,69.05,1.16,27.31,0,Night,1,1,High
43.39,81.42,8.12,24.58,0,Night,1,0,Medium
32.8,83.17,1.2,22.98,1,Early_Morning,0,0,High
46.04,73.42,1.56,15.16,0,Day,0,0,Medium
38.08,82.38,2.56,27.11,0,Day,0,0,Medium
52.37,80.18,0.0,26.76,0,Night,0,0,High
52.59,89.03,8.11,18.27,0,Day,0,1,Low
34.57,74.82,0.56,26.13,0,Early_Morning,1,1,High
41.56,73.04,6.45,29.77,0,Day,0,0,Low
47.92,88.03,0.7,18.6,1,Early_Morning,1,1,High
53.36,76.67,0.81,22.58,1,Night,0,0,High
25.54,79.86,5.6,27.75,0,Day,0,0,Low
40.51,87.08,0.86,21.11,0,Night,1,1,Medium
35.83,80.89,8.94,21.1,0,Night,0,1,Low
51.62,89.55,1.53,21.5,0,Day,0,0,Medium
30.61,79.61,2.77,24.08,0,Night,1,1,Medium
35.67,68.24,1.7,21.92,0,Day,1,1,Medium
58.36,79.96,3.56,23.53,1,Early_Morning,1,1,High
33.66,68.28,0.37,19.05,1,Night,0,1,High
56.42,75.14,1.88,23.09,0,Day,0,1,Medium
42.47,66.75,1.49,25.78,1,Day,0,0,Medium
28.9,78.44,2.73,19.5,0,Night,0,1,Low
50.35,69.87,0.66,24.75,0,Early_Morning,0,1,Medium
26.06,66.47,4.82,25.52,0,Night,0,1,Low
53.15,88.48,4.24,17.98,0,Night,0,0,Medium
42.41,77.33,3.01,24.41,1,Day,1,0,Medium
20.47,84.13,2.76,21.15,0,Night,1,0,Medium
53.57,60.7,1.46,25.26,1,Night,1,1,High
38.48,69.47,8.17,21.96,1,Day,0,0,High
31.81,81.85,9.68,23.38,1,Day,1,0,Medium
37.62,90.36,9.15,18.64,0,Day,1,1,Low
45.96,74.15,10.33,22.0,0,Day,0,1,Low
53.99,80.83,0.0,23.31,0,Night,1,0,High
50.8,85.42,3.66,27.17,1,Day,0,1,Medium
38.19,94.94,9.91,25.07,1,Day,0,1,Low
47.91,81.97,9.91,25.03,0,Day,0,1,Low
22.75,82.6,3.85,21.38,1,Night,0,1,Medium
25.9,78.33,0.93,21.68,1,Night,1,1,Medium
29.9,68.77,4.25,23.15,1,Day,1,0,Medium
49.63,76.53,3.06,22.6,0,Early_Morning,0,1,Low
25.95,77.52,0.5,24.79,0,Night,0,0,Medium
36.92,61.92,2.01,24.54,0,Early_Morning,1,1,Medium
27.81,75.63,0.41,28.27,0,Day,0,0,Medium
46.44,75.65,0.0,23.3,1,Early_Morning,0,0,High
60.73,77.95,1.36,23.07,1,Day,0,0,High
27.98,91.1,2.91,18.77,0,Night,0,0,Medium
39.76,70.52,11.83,25.04,0,Night,0,1,Low
37.75,78.11,7.77,23.73,0,Day,0,1,Low
59.14,73.28,8.13,21.96,0,Night,0,1,Medium
51.77,98.81,1.97,21.1,0,Night,0,0,High
60.69,79.29,1.58,23.88,0,Night,1,1,High
56.98,80.77,4.28,24.01,0,Night,0,1,Medium
52.34,67.52,0.98,24.4,1,Day,1,0,High
33.16,82.9,0.0,22.74,0,Night,1,0,Medium
42.32,89.49,5.15,22.98,0,Early_Morning,0,1,Low
39.78,82.21,9.82,21.33,0,Day,0,0,Low
48.16,88.09,1.25,22.03,0,Night,0,0,Medium
33.43,58.13,5.32,22.33,1,Day,1,1,Medium
53.39,77.02,0.0,30.52,1,Day,0,0,High
58.87,77.97,1.07,22.74,0,Day,1,1,High
54.16,87.05,5.37,30.23,0,Day,1,1,Low
34.1,85.2,6.15,21.05,0,Early_Morning,1,0,Medium
47.77,91.64,5.21,24.13,1,Early_Morning,1,0,High
52.44,77.53,2.7,26.79,0,Day,1,0,High
40.31,79.24,5.01,24.39,0,Night,0,1,Low
35.3,73.27,0.38,25.03,0,Day,0,0,Medium
50.11,99.81,0.39,24.44,0,Night,1,0,High
43.87,86.75,2.02,26.25,0,Early_Morning,1,1,Medium
44.55,75.93,1.23,26.41,0,Night,1,1,Medium
49.85,84.09,0.02,24.01,0,Day,0,1,Medium
18.9,59.01,2.85,24.4,0,Night,0,0,High
28.15,70.95,2.1,26.94,0,Day,1,0,Low
27.97,80.45,2.5,24.2,1,Day,0,0,Medium
25.07,65.4,0.0,21.48,0,Day,1,0,High
45.92,75.74,1.9,21.23,0,Early_Morning,0,0,Medium
57.91,89.36,2.25,19.68,0,Night,0,0,High
46.33,74.65,1.49,23.54,0,Night,1,1,Medium
36.89,73.08,0.0,24.67,0,Day,1,0,Medium
53.78,79.92,5.55,22.14,0,Day,0,0,Medium
21.45,81.65,1.49,27.86,1,Day,0,1,Medium
55.16,71.87,5.97,29.77,0,Night,1,1,Medium
61.87,70.34,0.31,25.18,0,Day,0,0,High
53.73,76.26,1.08,24.63,1,Day,1,0,High
38.22,94.91,7.41,23.19,0,Early_Morning,0,0,Medium
21.57,84.68,4.95,24.36,1,Night,1,0,High
40.92,89.92,5.22,22.85,0,Day,0,0,Medium
30.85,80.66,8.2,23.43,0,Day,0,0,Low
28.71,69.12,3.32,24.86,0,Day,0,0,Medium
54.5,72.52,7.46,23.02,0,Early_Morning,0,0,High
34.77,92.26,1.35,28.99,0,Night,0,0,High
36.81,87.8,2.38,25.66,0,Early_Morning,1,1,Medium
39.87,77.85,9.28,21.75,0,Day,1,1,Low
43.73,76.89,4.7,28.91,0,Night,1,0,Medium
51.01,63.52,0.0,23.83,0,Early_Morning,1,0,High
30.27,81.01,0.65,22.54,1,Day,1,0,High
62.64,76.73,2.27,25.05,1,Night,0,1,High
55.12,88.91,1.42,27.56,1,Day,1,0,High
49.36,75.65,1.31,22.33,0,Day,0,0,Medium
38.34,80.72,6.04,21.2,0,Day,0,1,Low
42.83,80.73,3.77,21.59,0,Early_Morning,0,0,Low
35.14,80.96,7.63,18.85,0,Day,1,0,Medium
39.9,80.72,4.41,25.98,1,Night,0,1,Medium
31.26,74.18,3.0,20.78,0,Day,1,0,Medium
42.96,72.19,11.83,26.41,0,Night,0,1,Low
26.86,80.11,1.84,21.79,1,Day,1,1,Medium
35.4,73.17,2.47,26.23,0,Day,0,1,Low
53.37,65.85,3.14,21.57,1,Day,1,0,High
43.12,74.58,2.26,23.19,0,Night,1,0,Medium
35.64,78.95,1.66,31.99,1,Early_Morning,0,1,High
41.48,76.1,2.28,26.35,1,Day,0,1,Medium
60.52,81.44,0.0,24.19,0,Night,1,0,High
59.11,73.58,5.65,17.19,0,Day,1,1,Medium
31.59,90.09,2.26,20.92,1,Early_Morning,0,1,Medium
44.03,81.63,2.52,32.45,0,Day,1,0,Medium
50.42,67.09,0.0,19.24,0,Early_Morning,0,0,High
58.97,94.79,0.55,25.7,0,Day,1,0,High
51.76,81.09,1.31,27.74,0,Day,1,1,Medium
42.84,76.81,3.02,21.25,0,Early_Morning,1,1,Medium
25.09,73.97,2.74,19.48,1,Night,0,1,Medium
57.56,75.52,9.42,28.16,0,Day,0,0,Medium
44.73,80.43,0.58,27.79,1,Night,0,1,Medium
56.31,75.49,2.0,22.43,0,Night,0,1,Medium
49.25,78.38,5.3,23.71,0,Early_Morning,0,0,Low
26.88,61.41,1.54,26.03,0,Early_Morning,1,0,High
40.11,88.43,3.11,31.53,1,Day,1,1,High
36.61,93.61,1.67,18.7,0,Night,0,0,High
24.54,81.11,0.45,22.68,1,Day,1,1,High
29.2,85.19,4.65,23.17,1,Early_Morning,0,0,Medium
24.14,65.56,5.18,24.98,0,Day,0,1,Low
28.67,81.79,2.87,19.69,1,Day,0,1,Medium
23.88,83.64,0.97,20.43,0,Day,1,1,Medium
22.22,87.72,0.0,18.04,1,Day,0,0,High
34.76,81.44,0.0,27.54,1,Day,1,0,High
22.78,68.96,3.15,28.86,0,Early_Morning,0,1,Medium
49.66,92.45,8.99,18.86,0,Early_Morning,0,1,Medium
31.71,78.18,1.06,24.85,0,Early_Morning,0,1,Medium
24.3,97.49,1.98,23.64,0,Day,1,0,Medium
59.24,79.91,2.79,20.64,1,Day,1,0,High
28.14,83.55,1.34,23.35,0,Night,0,1,Low
59.25,84.42,3.34,27.98,0,Day,1,1,Medium
61.74,85.46,1.49,28.74,1,Early_Morning,0,0,High
39.79,87.48,0.0,21.55,0,Early_Morning,1,1,Medium
30.22,89.77,8.85,21.85,0,Early_Morning,0,0,Medium
18.15,60.78,1.75,26.04,0,Day,1,0,High
47.74,73.4,1.67,27.33,0,Night,0,0,Medium
36.45,82.03,10.81,22.25,0,Day,1,1,Low
43.77,84.34,1.82,28.24,0,Early_Morning,1,0,High
58.38,71.77,1.78,19.58,0,Night,0,1,High
39.19,86.08,0.8,29.02,1,Day,1,0,High
54.03,79.53,18.69,27.79,0,Day,0,1,Medium
42.26,71.15,5.55,21.22,0,Day,0,0,Low
52.26,89.32,9.44,28.78,0,Day,0,0,Medium
47.67,92.46,0.0,17.98,0,Night,0,0,High
44.25,73.25,6.53,23.75,0,Day,0,1,Low
40.5,74.75,8.18,23.61,1,Night,0,1,Medium
26.22,81.85,0.46,27.66,0,Day,1,0,Medium
39.38,81.27,0.0,23.47,0,Day,1,0,Medium
35.07,82.35,1.21,21.15,0,Early_Morning,1,1,Medium
26.64,69.1,1.55,20.2,0,Day,0,1,Low
56.38,70.57,5.62,23.62,0,Night,1,0,High
34.91,81.62,6.76,22.25,1,Night,0,1,Low
24.67,71.91,1.1,19.27,0,Night,0,0,Medium
34.72,75.3,0.97,20.75,0,Night,0,1,Low
24.09,91.2,5.0,28.98,0,Early_Morning,0,0,Medium
42.72,75.43,1.85,23.1,1,Night,0,1,Medium
55.84,94.22,0.0,21.32,0,Early_Morning,1,0,High
51.88,87.68,5.05,28.71,1,Day,0,1,Medium
20.96,84.54,1.7,20.0,0,Day,0,0,Medium
54.12,93.25,6.74,29.69,0,Day,1,1,Medium
53.82,73.19,1.25,24.0,0,Night,1,0,High
41.82,74.54,5.35,25.63,0,Day,1,0,Medium
47.48,78.18,5.14,25.19,1,Night,0,0,High
31.99,78.06,3.1,24.85,1,Early_Morning,1,0,High
58.28,78.98,1.7,21.75,0,Early_Morning,1,1,Medium
27.35,70.64,0.0,21.98,0,Day,0,0,Medium
26.23,87.92,0.0,18.76,1,Day,1,1,High
47.86,79.15,1.27,22.73,0,Day,1,1,Medium
34.94,84.63,4.35,30.28,0,Day,1,0,Low
47.24,72.56,0.0,24.7,0,Early_Morning,1,0,High
35.71,85.5,4.87,24.61,0,Day,1,1,Low
50.16,83.47,9.96,24.94,0,Early_Morning,1,1,Medium
55.67,81.62,1.48,26.48,0,Night,0,1,Medium
36.37,76.13,4.01,22.08,0,Night,0,0,Low
28.47,74.9,0.0,27.14,0,Day,1,1,Medium
36.97,82.84,1.76,22.28,0,Night,0,1,Medium
47.89,93.51,0.57,21.21,0,Early_Morning,0,1,Medium
43.25,79.71,1.86,20.69,1,Day,1,1,Medium
19.64,82.56,8.98,19.58,1,Early_Morning,1,1,Medium
56.79,73.09,6.24,17.83,0,Day,1,1,Medium
24.76,77.35,1.86,16.43,1,Night,0,1,Medium
61.2,73.46,3.37,27.33,0,Day,1,1,Medium
25.4,90.91,1.01,22.85,1,Day,0,0,Medium
28.52,66.78,2.48,24.1,0,Day,0,0,Medium
36.5,83.8,3.1,24.84,0,Night,0,0,Medium
46.87,83.8,0.0,28.06,0,Night,1,0,High
57.02,83.74,1.46,23.43,0,Night,0,1,Medium
32.82,84.25,0.68,25.29,0,Early_Morning,0,1,Medium
52.12,84.91,3.04,29.85,1,Night,1,1,High
43.02,79.02,1.51,22.94,1,Early_Morning,0,1,Medium
31.33,89.33,4.89,22.77,0,Early_Morning,1,1,Medium
25.85,81.89,2.67,26.53,1,Night,1,0,High
38.96,73.42,0.67,23.46,0,Day,1,0,High
24.59,92.3,2.64,25.68,1,Day,0,1,Medium
43.04,83.08,0.0,23.92,0,Night,0,0,Medium
48.46,89.93,8.32,27.09,0,Night,1,0,Medium
36.76,73.46,9.85,22.48,0,Early_Morning,0,0,Low
60.45,74.92,7.05,25.52,0,Day,0,0,Medium
57.84,74.85,0.86,27.19,1,Day,0,0,High
50.63,74.57,0.13,23.77,0,Early_Morning,1,0,High
55.7,71.7,1.68,21.01,0,Early_Morning,0,1,Medium
37.58,80.16,4.74,24.72,0,Night,1,1,Low
31.92,78.87,3.96,23.38,1,Early_Morning,0,1,Medium
21.32,89.51,1.12,21.25,1,Day,1,1,High
30.8,60.91,1.79,23.77,1,Night,0,0,High
34.72,88.66,0.6,27.23,1,Night,0,0,High
45.71,92.32,0.67,22.01,0,Day,1,0,High
54.22,73.68,8.56,18.84,0,Night,0,1,Medium
26.23,94.25,8.04,28.05,1,Early_Morning,1,1,High
27.49,96.4,8.62,26.82,1,Early_Morning,1,1,High
32.57,67.78,1.62,23.35,0,Early_Morning,1,0,High
35.64,67.42,0.38,20.31,0,Day,0,1,Medium
46.89,88.83,1.36,21.31,0,Night,0,1,Low
57.89,64.35,6.12,30.93,0,Night,0,1,High
49.15,71.65,6.98,22.83,0,Day,0,0,Low
50.68,85.69,2.26,21.07,1,Day,0,0,High
51.13,74.6,2.22,21.29,0,Day,0,0,Medium
24.91,76.56,3.04,22.56,1,Day,0,0,Medium
48.6,82.3,4.56,25.84,0,Day,1,1,Low
45.89,75.93,2.77,19.22,1,Day,0,0,Medium
52.48,88.29,0.04,26.32,0,Day,0,1,Medium
48.86,88.11,0.67,26.08,1,Night,0,0,High
55.64,73.87,1.25,17.76,1,Night,0,0,High
57.0,86.0,7.45,24.14,0,Night,1,0,High
24.61,80.83,2.79,31.59,1,Day,0,0,High
32.72,62.88,3.72,26.83,0,Day,1,1,Medium
50.14,87.75,1.41,26.31,0,Day,0,0,Medium
48.14,82.91,3.97,27.79,0,Night,1,1,Low
51.56,77.7,3.71,24.83,0,Day,1,0,Low
43.91,72.87,5.66,22.3,1,Night,1,0,High
21.17,71.87,3.38,25.38,0,Early_Morning,0,1,Low
25.96,86.37,0.88,28.86,0,Day,0,1,Low
41.19,100.43,4.52,23.07,1,Day,0,0,Medium
27.13,84.72,2.14,19.17,0,Day,0,0,Low
26.36,74.76,4.8,20.29,0,Day,1,0,Low
58.9,83.99,2.27,23.06,0,Day,1,0,High
48.71,84.03,9.42,23.22,0,Early_Morning,0,1,Low
49.09,71.77,13.51,28.71,0,Early_Morning,0,0,Medium
33.02,86.57,8.32,25.83,0,Early_Morning,0,1,Low
35.24,89.1,0.0,26.68,1,Night,0,0,High
41.09,90.52,6.77,26.53,0,Night,0,1,Low
22.5,77.83,0.27,23.34,0,Day,0,0,Low
26.73,83.46,0.99,26.51,0,Night,0,0,Medium
57.06,74.04,20.23,23.1,0,Day,1,1,Medium
43.16,80.66,2.41,19.81,1,Night,0,0,Medium
37.64,72.33,6.66,22.59,0,Day,0,0,Low
53.46,92.7,2.36,25.94,0,Day,0,1,Medium
56.79,83.18,0.37,26.66,1,Day,0,0,High
30.73,92.62,6.94,26.04,0,Day,0,1,Low
36.49,87.99,0.78,26.93,0,Night,0,1,Low
54.14,73.61,4.27,19.39,0,Day,1,0,High
55.01,76.5,0.0,21.49,1,Early_Morning,0,1,High
56.11,74.19,3.11,24.57,0,Day,0,0,Medium
42.77,73.82,0.49,19.57,0,Night,1,0,Medium
38.14,72.94,0.82,28.43,0,Early_Morning,1,0,High
55.42,75.31,0.96,20.96,0,Night,0,0,Medium
22.13,76.32,7.84,26.52,1,Early_Morning,1,0,High
52.7,69.32,8.04,20.92,0,Early_Morning,0,0,High
26.94,84.61,0.99,25.49,0,Early_Morning,0,1,Medium
54.41,65.68,2.49,22.45,1,Day,1,0,High
45.69,80.56,1.37,26.74,1,Day,1,0,Medium
40.75,62.25,0.07,26.38,1,Day,0,0,High
38.91,64.76,2.6,21.87,0,Early_Morning,0,0,Medium
33.79,90.09,2.16,25.35,1,Day,0,1,Medium
26.03,73.75,5.01,18.83,0,Night,1,1,Low
46.11,71.27,0.46,24.44,0,Day,1,0,Medium
56.01,83.35,3.35,21.19,0,Day,0,1,Medium
57.43,78.79,0.0,26.6,0,Day,1,0,High
28.6,83.73,1.05,21.49,1,Day,0,1,Medium
48.41,88.01,0.0,25.36,1,Day,0,0,High
61.82,81.68,4.72,23.65,1,Day,0,1,Medium
40.95,63.07,0.74,24.24,0,Day,0,0,Medium
49.57,79.0,3.01,27.91,0,Early_Morning,0,1,Low
44.53,79.19,8.28,30.82,0,Night,0,0,Medium
41.4,78.41,0.62,22.54,0,Early_Morning,0,0,High
47.87,80.94,1.23,22.76,0,Day,0,1,Low
30.02,82.63,5.61,22.2,1,Night,0,1,Low
23.15,69.69,0.42,19.74,0,Day,1,0,Medium
30.23,80.9,0.14,25.94,0,Early_Morning,0,1,Medium
30.83,76.21,3.03,22.25,1,Day,0,0,Medium
32.03,99.87,0.3,30.36,0,Day,0,1,Medium
28.59,73.19,0.73,25.43,0,Day,0,0,Medium
28.74,62.01,5.2,23.07,1,Day,1,1,Medium
28.34,83.54,3.27,22.92,0,Early_Morning,0,0,Medium
46.1,70.33,5.86,20.97,0,Day,0,0,Low
60.33,77.98,3.15,19.38,0,Day,0,0,Medium
30.26,80.15,4.56,21.6,0,Early_Morning,1,1,Medium
34.65,78.63,1.02,22.23,1,Early_Morning,1,0,High
47.2,75.84,1.4,23.88,0,Day,1,0,Medium
23.27,85.88,9.37,27.18,0,Early_Morning,0,1,Low
18.62,88.22,1.35,24.02,0,Early_Morning,0,1,Medium
50.04,85.7,4.83,25.55,0,Day,0,1,Low
20.99,94.54,4.14,19.59,0,Early_Morning,0,0,Medium
50.68,76.22,2.13,16.88,0,Day,0,0,High
21.27,93.99,4.54,19.88,1,Day,1,0,High
57.88,78.45,1.13,21.63,0,Night,1,0,High
27.91,68.27,1.37,25.16,1,Early_Morning,1,0,High
25.0,94.8,2.27,27.11,0,Night,0,1,Medium
55.59,59.19,0.0,24.45,0,Day,0,1,High
32.4,72.09,8.5,23.17,1,Day,0,1,Low
22.18,69.52,0.88,25.22,0,Day,1,0,High
27.43,88.81,5.42,18.94,1,Day,0,1,Medium
52.83,79.61,0.76,26.03,1,Day,0,1,High
47.69,68.61,2.34,19.12,0,Day,1,1,Medium
34.83,67.73,17.27,18.42,1,Night,1,1,Medium
39.65,70.42,2.74,24.79,0,Night,0,0,Medium
48.28,91.77,0.5,22.56,1,Early_Morning,1,1,High
47.5,90.97,0.0,27.64,0,Early_Morning,0,1,Medium
26.65,88.31,4.6,24.2,0,Day,0,0,Low
29.01,79.4,0.65,27.67,0,Night,0,0,Medium
61.74,81.29,7.74,28.8,0,Night,0,0,High
47.51,76.35,1.72,21.57,1,Day,1,1,High
43.47,78.28,3.43,24.2,0,Early_Morning,0,1,Low
31.59,93.26,0.82,25.93,0,Early_Morning,0,1,Medium
32.15,76.53,5.93,21.09,0,Night,1,0,Medium
59.82,68.47,0.0,21.95,1,Day,1,1,High
40.19,72.61,9.23,28.8,1,Early_Morning,0,0,Medium
54.02,74.21,1.32,22.95,1,Night,0,1,High
59.64,76.16,2.33,25.08,0,Day,1,0,High
30.18,78.33,0.15,25.03,1,Early_Morning,1,0,High
31.64,92.3,3.36,22.34,0,Day,1,1,Low
47.21,82.43,6.97,23.75,0,Night,1,1,Low
39.38,73.3,0.84,28.39,0,Day,0,0,Medium
56.12,82.22,1.79,17.4,0,Day,1,0,High
46.75,77.94,1.98,15.69,1,Day,0,0,High
39.9,81.04,3.8,22.29,0,Day,1,1,Low
45.36,78.93,1.72,24.94,0,Night,0,1,Low
46.26,66.11,2.29,22.61,0,Day,0,1,Low
21.57,73.87,3.45,24.26,1,Day,0,0,Medium
56.02,79.74,0.43,26.4,0,Day,1,0,High
55.12,76.05,3.35,21.74,0,Day,0,1,Medium
49.23,84.37,1.0,23.56,0,Early_Morning,0,1,Medium
55.07,78.64,0.0,24.54,0,Day,1,1,Medium
43.76,71.22,9.13,23.2,0,Early_Morning,1,1,Medium
53.51,58.25,1.23,22.88,1,Day,1,1,High
27.86,74.28,1.05,21.11,1,Day,0,0,Medium
24.0,85.88,0.1,17.39,1,Day,0,1,Medium
45.45,81.98,0.35,26.84,0,Day,0,1,Medium
25.52,71.04,7.58,26.14,0,Day,1,0,Medium
21.39,68.54,7.32,19.42,1,Night,1,1,Medium
32.53,82.96,0.0,22.16,0,Day,1,1,Medium
32.92,85.25,1.82,30.08,0,Night,1,1,Medium
25.62,80.89,2.21,17.74,1,Day,0,1,Medium
21.21,67.77,0.0,27.16,0,Early_Morning,0,1,Medium
34.51,83.7,11.07,30.49,0,Early_Morning,0,1,Low
22.57,84.03,0.3,23.7,0,Early_Morning,0,1,Medium
37.5,70.58,2.56,24.21,1,Day,1,1,Medium
25.7,73.23,0.6,24.36,1,Day,1,1,Medium
40.24,88.44,0.96,26.43,1,Night,0,0,High
23.16,75.06,0.75,21.86,0,Day,0,1,Low
56.94,67.73,2.92,28.59,0,Day,0,1,Medium
52.22,85.61,3.07,26.56,0,Day,1,1,Medium
27.2,86.75,2.3,23.75,0,Day,0,1,Low
59.25,81.93,1.6,22.63,0,Night,1,1,High
33.64,85.94,2.6,22.19,0,Day,0,0,Low
28.94,76.58,6.39,22.37,0,Day,0,0,Low
44.89,84.42,6.02,21.99,0,Day,1,0,Medium
27.44,75.3,1.9,23.6,0,Early_Morning,1,0,Medium
47.61,101.05,0.48,27.86,1,Day,0,1,Medium
60.53,74.64,2.73,27.21,1,Day,1,0,High
29.26,85.07,1.97,33.41,0,Day,0,0,Medium
21.39,79.17,0.14,21.69,1,Day,1,1,Medium
29.66,68.84,2.69,23.34,0,Night,1,1,Medium
37.43,69.3,4.98,22.07,1,Day,1,0,Medium
45.48,99.03,5.74,23.95,1,Day,0,0,Medium
37.89,79.86,1.5,26.19,0,Night,1,1,Medium
44.88,78.7,0.64,24.18,1,Day,0,0,Medium
25.19,88.58,1.08,21.03,0,Night,1,1,Medium
39.24,80.74,0.57,17.38,0,Day,1,0,High
49.15,80.69,0.32,27.08,0,Day,0,1,Medium
54.49,76.07,3.91,21.11,0,Day,0,1,Medium
55.9,87.1,2.39,22.89,0,Early_Morning,0,1,Medium
40.22,85.07,3.47,22.23,0,Day,0,1,Low
55.65,87.49,0.88,26.74,0,Early_Morning,0,1,Medium
30.07,91.6,2.68,20.94,0,Early_Morning,1,1,Medium
54.0,94.64,0.04,20.84,0,Early_Morning,1,0,High
19.9,85.58,0.98,30.04,1,Night,0,0,High
48.4,89.13,0.85,22.03,1,Night,0,0,High
54.74,77.79,4.22,17.02,0,Day,1,0,High
42.95,98.05,1.86,20.76,1,Day,0,1,Medium
48.38,73.74,4.11,22.65,0,Night,0,0,Medium
55.2,76.95,5.8,22.95,1,Day,0,1,Medium
47.77,75.75,1.25,19.74,0,Early_Morning,0,0,Medium
39.5,87.92,1.28,23.35,0,Day,0,0,Medium
41.71,83.88,2.81,21.64,0,Day,0,1,Low
22.1,95.23,6.71,24.39,1,Early_Morning,0,1,Medium
20.43,68.4,4.61,26.24,0,Night,0,1,Low
45.15,97.88,4.81,19.98,1,Day,0,1,Medium
35.71,74.48,0.0,25.05,0,Day,1,0,Medium
22.06,86.6,2.32,20.42,0,Day,1,0,Medium
25.75,89.08,1.64,23.52,1,Day,0,0,Medium
54.87,84.32,2.18,28.94,1,Early_Morning,1,1,High
26.67,80.31,2.36,24.75,1,Night,1,1,Medium
28.84,80.82,9.51,27.51,0,Early_Morning,0,1,Low
41.15,94.12,2.95,20.62,0,Day,0,1,Low
24.18,83.2,1.43,19.61,1,Day,0,0,High
43.14,95.85,0.4,28.67,1,Day,0,1,Medium
32.13,77.88,0.36,24.23,0,Day,1,0,High
25.96,74.7,7.77,21.47,1,Day,1,0,Medium
59.24,88.47,1.26,21.48,1,Early_Morning,0,1,High
36.55,97.02,2.45,24.14,1,Night,1,1,Medium
54.49,76.22,0.58,19.16,0,Night,1,0,High
31.08,68.07,1.25,23.25,0,Night,1,1,Medium
49.54,75.4,0.9,23.5,0,Early_Morning,0,0,High
43.17,72.89,1.35,23.61,1,Day,1,0,High
54.52,69.73,2.17,22.04,0,Early_Morning,0,1,Medium
42.26,80.76,1.12,25.28,1,Night,0,0,Medium
58.5,81.3,2.3,26.8,0,Day,0,1,Medium
35.49,82.04,1.39,19.66,1,Night,1,0,High
55.21,84.29,5.49,24.24,0,Early_Morning,1,1,Medium
41.09,78.76,9.49,23.81,0,Night,1,0,Medium
55.68,68.41,0.91,24.13,0,Early_Morning,0,0,Medium
18.31,75.17,2.38,23.51,0,Day,0,1,Low
22.29,87.96,7.38,26.86,0,Early_Morning,1,1,Low
35.06,75.21,0.28,28.57,0,Night,0,0,Medium
24.45,74.04,1.25,20.93,0,Day,0,0,Low
30.3,75.97,0.35,23.55,0,Night,0,1,Medium
54.03,65.1,1.36,16.94,0,Day,0,0,High
30.23,93.43,0.1,22.11,1,Night,0,0,High
20.61,79.79,1.43,27.49,1,Day,0,1,Medium
47.95,80.0,4.36,21.89,0,Day,1,0,Medium
50.34,84.0,1.38,22.53,0,Early_Morning,0,1,Medium
37.0,79.74,5.62,22.5,1,Night,1,0,High
37.95,97.12,1.59,21.55,0,Night,1,1,Medium
50.8,83.1,0.0,22.97,0,Night,1,1,High
23.49,87.03,10.24,22.28,0,Day,0,1,Low
59.49,87.68,12.86,19.84,0,Day,0,1,Medium
29.45,72.89,2.91,23.37,1,Day,0,0,Medium
30.06,76.4,6.83,26.51,0,Early_Morning,0,1,Low
52.47,89.11,7.07,26.21,0,Day,1,1,Medium
35.61,79.29,0.64,20.77,1,Night,1,0,High
47.81,77.85,1.87,25.59,1,Day,0,1,Medium
55.05,83.88,0.08,21.65,1,Day,1,0,High
39.5,71.52,0.41,23.01,0,Early_Morning,0,1,Medium
61.6,90.91,0.31,23.86,0,Early_Morning,1,0,High
26.62,68.57,1.66,26.71,0,Day,0,0,Medium
37.08,76.24,0.34,20.47,1,Day,0,0,High
20.52,71.78,0.2,26.78,0,Day,0,0,Medium
48.73,73.41,2.09,21.27,0,Early_Morning,0,1,Low
28.15,84.17,7.09,28.86,1,Day,0,1,Low
62.81,87.28,0.9,20.18,0,Early_Morning,1,0,High
48.99,90.04,0.81,22.74,1,Day,0,0,Medium
47.88,89.54,8.67,22.45,0,Day,0,1,Low
44.3,92.59,0.0,18.5,0,Early_Morning,0,1,Medium
57.19,80.81,3.5,23.75,1,Early_Morning,1,0,High
29.42,82.63,3.04,23.34,0,Early_Morning,1,0,Medium
28.52,89.1,6.75,22.93,0,Early_Morning,1,0,Medium
26.56,85.99,2.68,29.7,0,Day,1,0,Medium
45.58,72.2,13.11,27.76,0,Early_Morning,0,0,Medium
20.25,80.05,2.76,23.22,0,Day,0,0,Low
21.78,77.09,3.62,25.37,1,Night,0,1,Medium
44.9,79.09,12.7,28.25,0,Night,0,0,Medium
35.84,82.91,1.87,21.32,0,Day,1,0,Medium
33.31,85.92,5.42,16.65,0,Day,0,0,Medium
42.41,67.53,0.17,24.61,0,Night,0,1,Medium
37.98,57.76,0.0,27.32,1,Night,1,0,High
48.53,87.25,1.44,27.48,0,Day,0,0,Medium
45.73,88.47,0.0,27.03,0,Day,0,1,Low
22.59,68.02,0.37,20.65,0,Day,0,0,Medium
48.63,75.17,3.49,22.5,0,Day,1,1,Medium
55.96,79.83,1.97,26.86,0,Day,0,1,Medium
33.88,88.04,0.6,23.34,0,Day,0,0,Medium
58.09,76.08,9.67,29.24,0,Day,0,0,Medium
20.74,89.57,1.62,23.63,1,Day,1,0,High
22.4,70.76,9.63,23.72,0,Night,1,1,Medium
44.88,91.06,2.0,24.77,1,Early_Morning,1,0,High
37.66,74.12,10.87,24.15,0,Night,1,1,Low
50.93,76.06,5.99,24.35,0,Early_Morning,0,1,Low
47.62,89.13,4.9,23.65,0,Early_Morning,0,1,Low
39.94,89.12,5.45,23.46,0,Day,0,0,Low
32.47,82.38,2.08,16.86,1,Day,0,1,Medium
40.02,73.38,5.11,22.33,0,Night,0,0,Medium
22.93,89.64,1.43,24.0,0,Day,0,1,Medium
51.9,83.34,3.85,28.11,0,Early_Morning,1,1,Medium
45.29,72.84,0.03,26.23,1,Night,0,1,Medium
52.22,85.13,0.4,28.86,0,Early_Morning,0,0,High
53.72,86.49,1.1,28.18,0,Night,1,0,High
52.44,78.16,5.43,28.72,1,Day,0,1,High
53.98,76.25,1.84,25.25,1,Day,0,1,High
23.47,87.16,0.71,22.99,1,Day,1,1,Medium
56.46,72.69,1.8,22.95,0,Early_Morning,1,0,High
32.11,83.67,4.34,22.27,0,Early_Morning,0,0,Medium
25.08,93.51,2.65,25.13,0,Night,1,0,High
36.47,79.8,2.38,24.74,0,Night,0,0,Medium
29.2,93.08,17.11,27.88,0,Day,1,0,Medium
45.85,83.53,0.0,18.87,1,Day,0,0,High
43.42,74.22,2.94,22.05,0,Night,0,0,Medium
58.89,77.35,4.82,26.96,1,Early_Morning,0,1,High
37.56,71.88,1.64,26.36,0,Day,0,0,Medium
43.94,76.84,1.07,26.73,0,Night,0,0,Medium
37.97,82.64,1.56,27.03,0,Day,0,0,Low
56.93,71.99,6.61,24.47,1,Early_Morning,0,1,High
26.28,79.74,1.37,23.02,0,Early_Morning,0,0,Medium
36.56,92.27,7.28,25.55,1,Night,0,1,Medium
24.63,92.78,0.53,24.1,0,Day,0,1,Medium
52.05,82.01,11.54,20.68,0,Day,0,0,Medium
25.59,85.96,0.46,26.46,0,Night,0,0,Medium
43.28,95.38,3.47,21.42,1,Day,1,1,High
48.27,80.64,5.14,23.47,0,Night,0,1,Low
50.64,81.65,2.97,27.06,0,Day,1,1,Medium
24.36,81.38,3.09,26.25,1,Night,1,1,Medium
47.28,70.76,0.47,27.24,0,Day,0,1,Medium
34.69,76.97,4.03,27.94,0,Day,0,0,Low
44.57,72.22,3.54,26.39,1,Day,1,0,Medium
34.24,95.86,1.61,22.56,0,Early_Morning,1,0,High
46.25,79.71,5.96,18.94,0,Day,0,0,Low
27.59,85.19,1.21,23.34,0,Night,0,0,Medium
63.39,74.41,1.19,22.86,0,Early_Morning,1,0,High
37.4,76.96,1.19,28.94,0,Early_Morning,0,0,Medium
30.61,87.04,1.12,21.16,1,Early_Morning,0,0,High
52.81,92.46,0.0,27.26,0,Day,0,0,High
31.92,80.17,5.5,26.0,1,Day,1,0,Medium
30.66,82.14,3.67,25.39,0,Night,1,1,Low
24.53,83.31,1.98,21.29,1,Day,0,1,Medium
29.59,83.95,4.15,27.93,0,Night,1,1,Medium
46.39,68.95,1.11,25.78,0,Early_Morning,0,0,Medium
47.09,78.34,0.0,22.74,0,Night,0,1,Medium
23.58,83.15,0.62,23.9,0,Night,0,0,Medium
23.87,75.53,2.08,20.78,0,Day,1,1,Medium
26.87,70.44,6.64,26.74,0,Day,0,0,Low
45.06,68.03,7.85,27.82,1,Day,1,0,Medium
30.03,92.56,1.99,27.9,1,Early_Morning,1,1,High
29.7,69.14,12.07,22.92,0,Day,1,0,Medium
27.23,99.55,2.36,29.3,0,Day,0,1,Low
31.38,82.24,0.62,26.34,1,Early_Morning,0,0,High
34.25,80.91,2.46,21.77,1,Day,1,1,Medium
43.41,82.03,0.0,27.62,1,Day,0,1,Medium
43.29,73.44,0.05,24.37,1,Day,1,0,High
36.4,76.38,0.62,24.29,1,Day,0,1,Medium
49.82,66.08,0.8,21.86,1,Early_Morning,0,0,High
45.68,82.2,0.56,25.04,0,Night,0,1,Medium
51.97,86.17,1.67,22.26,0,Early_Morning,0,1,Medium
35.12,79.59,1.38,25.29,1,Early_Morning,1,0,High
52.04,77.49,7.88,19.74,0,Night,0,1,Medium
51.8,81.39,0.0,22.54,0,Day,1,1,Medium
34.92,92.15,3.4,25.42,1,Night,1,0,High
38.48,77.8,4.65,20.39,0,Early_Morning,0,1,Low
34.79,85.52,2.44,22.93,1,Day,0,1,Medium
19.11,67.51,1.14,21.95,0,Night,1,0,High
32.51,69.29,1.91,22.34,1,Night,1,0,High
54.56,83.54,8.94,23.78,0,Night,0,0,Medium
50.49,77.19,1.03,23.99,1,Day,1,1,Medium
26.07,79.6,2.19,19.86,0,Early_Morning,1,1,Medium
26.32,87.57,2.3,23.88,0,Day,0,0,Medium
20.39,86.67,1.35,20.34,0,Day,1,0,Medium
22.86,79.22,0.81,23.92,0,Early_Morning,0,0,Medium
58.21,91.62,7.77,15.88,0,Day,1,0,High
47.3,75.76,14.78,24.56,0,Early_Morning,1,1,Medium
55.43,88.36,1.63,24.68,1,Early_Morning,1,1,High
46.72,82.53,0.6,30.81,0,Day,1,0,Medium
47.8,72.88,8.93,27.39,0,Day,1,0,Medium
23.15,84.0,5.25,26.33,0,Day,1,1,Low
49.71,74.18,1.3,26.56,1,Early_Morning,0,1,High
53.09,81.91,2.92,16.35,0,Day,1,0,High
26.28,76.17,11.27,27.52,0,Day,0,1,Low
18.38,79.49,0.8,19.97,0,Night,0,1,Medium
21.46,94.67,7.39,21.0,0,Day,0,1,Low
26.22,71.42,0.0,23.4,0,Day,1,0,Medium
49.75,77.64,5.72,21.12,0,Day,1,1,Medium
30.6,75.95,1.29,27.93,1,Night,0,1,Medium
34.98,83.37,4.68,20.27,1,Day,0,0,Medium
23.81,92.55,2.0,22.73,0,Day,0,0,Medium
32.24,81.67,0.54,23.52,0,Night,1,0,Medium
36.54,79.13,7.74,28.68,0,Day,1,1,Low
56.55,83.58,4.61,24.4,1,Night,0,0,High
55.08,86.28,4.97,24.34,0,Day,1,0,High
48.09,68.97,13.43,24.06,1,Day,0,1,Low
56.85,88.19,3.24,21.96,0,Day,1,1,Medium
29.42,74.17,1.76,31.44,1,Night,0,1,Medium
45.33,79.56,0.0,27.02,0,Day,0,1,Medium
16.16,79.41,3.59,28.84,0,Day,1,1,Low
21.98,92.31,6.34,22.7,0,Day,0,0,Low
36.27,73.62,1.84,26.39,0,Day,0,1,Low
37.15,85.94,0.57,23.74,1,Night,1,0,High
25.51,80.63,1.53,27.46,1,Night,0,1,Medium
24.42,84.08,0.46,27.38,1,Day,0,1,Medium
44.54,88.23,0.35,25.47,0,Day,0,0,Medium
50.79,70.8,8.4,32.47,0,Day,1,0,Medium
28.76,72.89,0.0,24.7,0,Early_Morning,1,0,High
39.43,73.9,3.79,20.79,1,Day,1,0,Medium
24.05,79.63,2.18,21.55,0,Day,0,0,Medium
54.52,87.84,0.53,23.74,0,Day,0,0,High
33.64,86.46,3.88,22.92,0,Night,0,1,Low
38.55,68.4,5.8,23.02,0,Night,0,0,Medium
36.17,72.22,8.36,27.37,1,Day,0,1,Medium
33.55,79.41,0.24,23.44,0,Night,0,0,Medium
24.6,85.71,7.76,25.06,0,Early_Morning,1,1,Low
42.57,77.07,1.79,23.18,0,Day,0,0,Low
54.99,86.17,8.14,20.87,0,Night,0,1,Medium
45.44,87.16,0.61,23.81,1,Day,1,0,High
40.25,92.79,3.53,24.47,0,Night,0,0,Medium
36.89,84.48,4.55,22.07,1,Night,1,0,Medium
32.64,83.52,2.91,22.34,1,Day,1,1,Medium
27.7,77.17,8.16,27.32,1,Early_Morning,0,1,Medium
42.07,93.34,0.0,25.14,0,Night,1,0,High
50.35,81.23,0.94,24.99,0,Early_Morning,0,0,Medium
30.23,90.98,4.33,19.78,0,Early_Morning,0,0,Medium
27.28,90.48,0.32,28.91,0,Night,1,1,Medium
32.77,61.28,3.18,22.23,0,Night,0,1,Low
56.86,80.5,0.15,18.27,0,Night,1,1,High
59.51,74.27,1.04,25.4,0,Night,1,0,High
30.91,93.28,2.97,23.81,1,Day,1,0,High
59.26,76.82,0.52,26.54,1,Day,1,1,High
49.84,79.34,3.63,23.51,1,Day,1,0,Medium
21.66,81.22,0.17,21.95,0,Night,1,0,High
25.03,75.0,0.69,17.96,0,Day,0,0,Medium
34.45,91.99,0.0,17.98,0,Early_Morning,0,0,High
24.03,81.39,0.18,23.87,0,Night,0,0,Medium
30.2,95.01,3.71,27.97,1,Early_Morning,0,0,High
46.69,80.34,1.73,19.21,0,Day,0,0,Medium
58.02,86.07,1.96,21.58,1,Day,0,0,High
44.89,72.36,0.0,24.25,1,Day,0,0,Medium
30.5,83.55,0.9,21.02,0,Night,0,0,Medium
46.93,92.52,8.23,27.55,0,Night,1,0,Medium
39.29,82.4,1.17,25.35,1,Night,0,0,Medium
59.68,87.43,2.63,24.95,0,Day,0,0,High
21.57,77.92,1.78,23.12,1,Day,0,0,Medium
23.66,74.65,2.61,23.83,0,Night,1,0,Medium
39.21,76.32,2.13,15.3,0,Day,0,0,Medium
40.82,72.35,4.55,23.83,1,Day,1,0,High
33.62,73.25,3.43,22.79,1,Day,0,0,Medium
34.73,89.14,2.66,25.66,1,Night,0,1,Medium
31.31,72.48,1.19,27.41,0,Day,0,0,Medium
56.88,70.04,11.88,22.92,0,Night,1,1,High
50.8,88.86,8.56,18.82,0,Early_Morning,0,1,Medium
26.29,83.89,1.29,25.19,0,Early_Morning,1,0,Medium
52.27,83.31,0.01,21.63,1,Day,1,0,High
42.81,78.02,7.16,26.97,0,Night,1,0,Medium
58.51,78.6,0.02,23.37,0,Day,0,1,High
45.62,81.17,2.03,27.54,1,Day,1,0,Medium
37.6,87.37,0.0,22.89,0,Day,0,1,Medium
51.86,87.63,0.28,23.13,0,Day,0,1,Medium
40.59,79.9,2.13,22.73,1,Early_Morning,0,1,Medium
42.08,91.04,3.72,20.03,1,Day,1,1,High
51.25,83.15,1.05,25.51,0,Night,0,0,Medium
55.54,67.66,5.07,20.26,0,Early_Morning,0,0,Medium
34.58,65.09,0.18,23.64,0,Day,1,1,Medium
61.83,86.26,1.55,25.54,0,Early_Morning,1,1,High
49.06,86.04,12.45,23.79,0,Day,0,1,Medium
17.61,68.94,4.69,27.68,0,Night,0,1,Low
50.02,79.29,0.39,20.3,0,Night,1,0,High
28.15,76.96,6.74,23.23,0,Early_Morning,0,0,Medium
42.04,73.76,0.0,28.08,0,Day,1,1,Low
54.06,83.25,4.05,21.46,1,Night,1,0,High
41.08,89.78,0.96,19.86,0,Day,0,0,High
44.18,66.48,1.84,22.66,0,Night,0,1,Medium
33.66,81.78,7.61,23.16,0,Day,0,0,Low
61.16,87.98,0.84,17.85,0,Night,0,0,High
44.74,81.37,0.25,22.63,0,Day,1,1,Medium
42.69,83.34,9.39,25.16,0,Night,0,1,Low
45.08,90.16,1.79,32.31,0,Night,1,0,Medium
36.19,87.88,0.46,21.32,1,Early_Morning,0,0,High
58.63,85.0,6.95,19.56,1,Day,0,1,Medium
37.51,83.61,5.85,24.62,0,Night,0,0,Medium
49.02,83.36,0.0,21.51,0,Day,1,1,Medium
59.04,87.16,3.12,21.7,0,Day,0,0,Medium
41.51,73.94,1.11,20.36,0,Early_Morning,0,1,Low
44.15,71.68,1.61,23.04,0,Night,1,0,High
55.81,72.11,1.14,20.45,0,Night,0,1,High
45.14,83.21,0.05,25.73,1,Night,0,0,High
38.61,69.91,0.26,20.24,0,Day,0,0,Medium
51.2,97.68,1.29,28.38,1,Day,0,1,Medium
41.66,82.33,13.1,25.43,0,Early_Morning,1,1,Medium
44.67,76.03,4.22,25.36,0,Early_Morning,1,1,Medium
19.86,81.48,10.99,27.83,1,Early_Morning,1,1,Medium
26.26,80.49,0.81,21.28,0,Day,0,1,Low
21.75,90.01,1.36,27.84,0,Night,0,0,Medium
50.55,89.93,1.26,22.81,0,Day,0,1,Medium
55.55,82.77,0.0,26.01,1,Night,0,0,High
22.75,80.89,1.7,26.01,0,Day,1,1,Medium
38.74,76.71,0.06,25.27,1,Night,0,0,High
43.23,90.14,3.64,26.39,0,Day,0,1,Low
58.77,95.43,8.12,16.77,0,Day,1,0,High
15.92,83.95,0.37,22.63,1,Early_Morning,1,0,High
50.77,80.66,2.34,23.34,0,Night,0,1,Medium
42.62,78.06,0.3,21.38,0,Day,0,0,Medium
20.56,92.66,2.43,21.95,0,Night,1,0,High
47.37,72.6,4.57,27.35,0,Night,0,1,Low
40.0,80.77,2.72,20.73,0,Day,0,0,Medium
49.39,71.75,1.24,20.8,0,Early_Morning,0,1,Low
21.59,93.48,4.54,24.05,1,Day,0,0,Medium
34.0,89.67,1.1,26.42,0,Day,0,1,Medium
37.84,86.07,1.38,21.02,1,Night,0,0,Medium
20.15,95.1,0.09,21.55,1,Night,1,0,High
49.66,75.46,1.04,25.58,0,Night,1,0,High
41.88,82.76,2.2,28.38,0,Day,1,0,Medium
32.31,82.94,0.62,22.58,0,Day,1,1,Medium
26.51,82.91,7.55,26.08,1,Day,0,0,Medium
46.04,86.21,0.97,21.87,1,Night,0,0,High
50.8,93.86,1.45,21.5,1,Night,0,0,High
55.33,85.83,4.83,25.07,0,Night,1,1,High
38.98,79.88,0.7,20.99,0,Day,1,1,Low
42.86,90.69,1.1,24.66,0,Day,0,0,Medium
28.09,67.32,3.62,18.31,0,Early_Morning,1,0,Medium
50.9,70.75,2.37,22.11,1,Day,0,1,Medium
54.63,80.4,1.89,23.93,1,Day,0,1,Medium
30.6,91.27,0.0,27.3,1,Night,0,0,High
24.14,74.01,0.2,28.14,0,Night,0,0,Medium
24.52,81.81,2.39,21.04,0,Day,0,1,Low
38.51,81.41,0.67,22.75,1,Day,0,0,Medium
28.7,77.83,0.21,27.62,0,Day,0,0,Medium
48.05,77.31,1.45,29.16,1,Early_Morning,0,1,Medium
25.19,68.28,4.94,28.14,0,Night,0,1,Low
42.32,82.11,0.52,22.63,1,Night,0,0,High
56.98,101.69,0.93,22.41,0,Day,0,0,High
41.69,86.14,3.0,19.74,1,Day,0,0,Medium
39.21,89.53,2.26,19.27,0,Night,0,1,Low
48.58,80.12,4.6,27.72,1,Day,1,0,Medium
29.54,63.12,0.63,27.21,0,Early_Morning,0,0,Medium
41.63,71.7,0.54,20.44,1,Early_Morning,1,0,High
30.45,87.61,5.67,22.17,0,Early_Morning,1,0,Medium
59.04,78.36,8.29,23.8,1,Day,1,1,High
40.16,84.89,7.42,22.11,0,Day,0,1,Low
57.79,65.69,1.59,23.86,1,Night,0,0,High
35.55,58.36,0.0,26.07,1,Night,1,0,High
39.07,84.21,0.0,19.39,0,Night,0,0,Medium
41.13,83.13,8.65,25.51,0,Day,1,1,Low
38.13,68.53,1.07,20.74,1,Day,1,1,High
50.51,73.14,6.78,27.55,0,Day,0,1,Low
33.98,87.58,7.65,26.02,0,Day,0,0,Low
30.81,60.73,4.07,27.66,0,Day,1,1,Medium
23.04,82.68,5.94,22.05,1,Early_Morning,1,0,High
18.03,75.64,0.14,19.99,0,Day,1,1,Medium
22.04,73.78,0.77,23.28,1,Night,1,0,High
24.1,75.49,0.0,26.91,0,Day,0,1,Medium
20.57,81.98,8.99,18.79,0,Day,0,1,Low
38.28,92.89,4.8,20.13,0,Day,0,1,Low
22.34,79.25,0.76,25.48,0,Day,1,1,Medium
19.62,87.42,11.55,23.17,0,Night,0,1,Low
54.45,90.91,4.16,22.01,1,Day,1,0,High
22.83,85.08,0.89,28.4,0,Night,0,0,Medium
55.81,77.26,1.18,23.24,0,Night,1,1,High
53.84,87.5,2.08,23.92,1,Day,1,1,High
20.34,84.83,1.14,24.69,1,Night,0,0,High
60.1,64.25,3.57,25.09,0,Night,1,1,High
24.03,81.28,11.52,24.03,1,Day,0,1,Low
40.34,72.47,0.0,21.94,1,Night,0,0,High
48.27,81.6,1.5,20.18,0,Night,0,1,Medium
37.58,69.89,1.26,28.29,0,Night,0,1,Medium
55.8,82.87,7.22,22.87,0,Night,1,1,High
24.06,76.08,0.04,21.6,0,Day,0,1,Low
43.86,86.93,0.33,27.15,0,Early_Morning,1,0,High
27.82,71.47,1.78,19.9,1,Night,1,0,High
42.91,78.26,1.77,22.97,1,Day,0,0,Medium
31.01,74.93,5.36,21.17,0,Day,0,1,Low
26.94,91.11,2.71,18.15,0,Early_Morning,1,0,Medium
59.27,77.56,4.4,22.98,0,Night,0,1,Medium
25.84,76.4,3.79,26.08,0,Day,1,0,Medium
52.94,81.75,1.57,27.83,0,Early_Morning,0,0,High
34.98,78.46,5.79,25.5,1,Day,1,0,Medium
26.67,95.14,8.08,24.37,0,Day,0,0,Medium
44.8,82.61,4.05,21.7,0,Night,0,0,Medium
22.98,88.45,0.0,25.84,0,Day,0,0,Medium
35.5,76.09,3.8,23.08,0,Early_Morning,0,1,Low
40.13,86.71,2.56,24.15,0,Night,0,0,Medium
40.22,83.69,0.9,24.78,0,Night,0,0,Medium
57.06,66.16,1.26,24.45,0,Day,0,1,Medium
57.28,84.87,5.02,28.34,0,Early_Morning,1,1,Medium
26.59,91.67,4.65,26.77,0,Day,0,0,Medium
50.42,83.58,9.77,23.26,0,Early_Morning,0,0,Low
32.69,65.12,1.13,26.13,1,Day,0,1,Medium
54.39,80.74,2.33,26.39,1,Day,1,0,High
42.02,81.04,0.64,23.9,0,Day,1,1,Medium
28.36,69.67,1.2,24.81,0,Day,1,1,Low
25.91,90.79,2.92,23.87,0,Day,1,0,Medium
27.44,82.57,2.83,23.88,1,Early_Morning,0,1,Medium
53.8,86.62,5.31,28.61,0,Night,1,1,Medium
40.65,80.93,3.07,22.01,0,Day,1,0,Medium
27.7,92.89,2.16,24.16,1,Day,1,0,High
58.11,77.06,1.55,33.06,1,Day,1,0,High
38.82,67.72,0.01,20.75,1,Day,1,1,High
19.63,83.52,3.55,22.08,0,Night,1,0,Medium
22.43,78.0,8.51,28.42,0,Night,0,1,Low
58.67,91.57,1.91,23.23,0,Day,0,0,High
33.57,77.45,2.01,26.8,0,Night,1,0,Medium
28.18,78.16,5.65,26.39,0,Early_Morning,0,1,Low
49.99,90.63,3.57,22.98,0,Day,0,1,Low
42.01,73.98,4.9,22.54,0,Day,0,1,Low
37.22,73.44,1.59,18.92,0,Day,1,0,Medium
56.93,87.1,0.0,23.87,1,Night,0,0,High
25.0,83.11,3.05,20.62,0,Early_Morning,0,1,Low
40.24,74.59,5.34,22.77,0,Early_Morning,0,0,Medium
39.64,80.36,8.55,27.1,0,Night,0,1,Low
35.35,80.47,4.62,26.05,0,Day,0,0,Low
30.5,60.18,5.53,20.49,0,Day,0,0,Medium
56.93,99.48,3.03,19.3,1,Day,0,0,High
54.62,90.84,2.48,24.17,0,Day,1,1,High
57.87,92.53,1.7,24.26,0,Night,0,1,High
28.33,86.18,2.72,23.04,0,Day,0,1,Low
52.94,75.02,2.58,24.54,0,Day,0,0,Medium
45.6,89.0,0.75,22.64,1,Early_Morning,0,0,High
39.94,71.77,5.0,29.59,0,Day,0,0,Low
41.9,74.76,0.0,27.38,0,Day,1,0,Medium
47.5,87.42,8.78,23.56,0,Day,1,0,High
56.8,84.86,0.14,20.52,0,Day,0,0,High
53.05,70.65,0.8,23.25,0,Day,1,1,High
31.09,93.99,1.91,28.25,0,Day,1,1,Medium
25.27,91.94,2.69,25.02,0,Early_Morning,0,1,Medium
53.0,86.27,8.84,22.98,0,Day,0,1,Low
21.18,76.44,2.14,26.55,0,Day,0,1,Low
41.25,97.1,0.4,20.21,1,Day,1,1,High
39.24,87.53,1.85,23.77,1,Early_Morning,0,0,High
27.95,81.34,9.5,27.63,0,Day,0,1,Low
22.94,77.12,0.62,21.3,1,Day,0,1,Medium
25.41,84.66,5.1,29.49,0,Night,0,0,Medium
44.13,76.49,0.0,25.06,0,Early_Morning,1,1,Medium
38.22,75.79,11.31,23.54,0,Night,1,1,Low
27.92,80.0,7.54,23.95,1,Day,1,1,Medium
22.5,72.53,0.0,20.79,0,Day,0,0,Medium
21.25,80.57,0.95,25.03,1,Night,0,0,Medium
54.62,77.74,0.86,22.35,0,Early_Morning,0,0,High
22.18,78.71,0.63,24.53,0,Early_Morning,0,1,Low
44.72,89.6,4.07,24.25,0,Early_Morning,1,1,Low
57.1,86.08,2.68,21.87,1,Night,0,1,High
45.95,73.06,0.98,20.98,0,Day,0,1,Low
31.1,81.18,5.92,24.14,0,Early_Morning,1,1,Medium
36.59,84.31,2.95,16.23,1,Day,0,1,Medium
59.78,92.62,0.4,20.48,0,Day,0,1,Medium
23.75,82.24,0.55,22.1,0,Day,0,0,Medium
42.97,70.54,8.2,32.41,0,Day,1,0,Medium
30.58,83.33,5.15,22.37,0,Day,0,1,Low
50.89,95.86,1.91,23.32,1,Night,1,1,High
26.84,81.25,3.13,19.06,1,Day,0,1,Medium
48.43,86.48,1.78,27.34,1,Day,0,0,Medium
55.16,74.54,2.44,23.34,0,Day,0,0,High
45.85,79.28,1.35,24.83,0,Night,0,0,Medium
54.19,75.94,4.37,24.06,0,Night,1,0,High
20.98,87.83,1.02,24.61,0,Night,1,0,High
45.07,76.3,16.48,21.89,1,Night,0,1,Medium
56.93,78.55,0.0,26.08,0,Day,0,0,Medium
39.03,80.56,3.29,22.41,0,Night,1,1,Low
54.41,76.76,6.44,27.71,1,Day,1,1,High
53.75,91.58,0.38,24.82,1,Night,0,1,High
38.58,80.09,1.8,21.27,1,Day,1,1,Medium
24.48,80.33,0.0,22.85,0,Night,0,0,Medium
50.86,81.98,5.7,21.25,0,Day,1,1,Medium
41.58,73.24,7.14,22.88,0,Day,1,0,Medium
38.46,68.88,2.19,22.28,0,Day,0,0,Medium
17.79,81.45,1.52,22.13,1,Night,1,1,High
36.02,73.65,4.14,24.47,1,Night,0,0,Medium
49.45,87.72,2.96,23.81,0,Night,0,0,Medium
33.44,75.61,4.42,24.02,0,Night,1,0,Medium
30.28,79.26,0.0,32.54,0,Early_Morning,1,0,High
20.14,69.96,0.56,21.4,1,Day,0,0,Medium
47.26,76.08,1.42,21.88,0,Day,1,1,Medium
39.71,81.52,2.83,30.72,0,Day,0,1,Low
47.9,96.78,2.18,20.4,0,Night,1,1,High
27.68,94.59,2.39,20.12,0,Night,0,1,Medium
44.34,65.15,3.25,28.86,0,Early_Morning,0,1,Low
48.7,79.05,7.59,27.62,0,Day,0,0,Low
46.47,71.67,1.66,22.64,0,Day,1,0,Medium
43.68,86.58,9.19,22.25,0,Night,1,0,Medium
39.4,79.65,9.3,24.69,0,Day,0,0,Low
37.64,80.39,0.82,25.92,0,Day,1,0,Medium
34.1,77.88,1.05,21.7,1,Early_Morning,0,0,High
48.36,85.15,6.66,16.47,0,Day,1,1,Medium
46.08,76.91,0.0,20.47,0,Day,0,0,Medium
47.5,78.61,4.06,23.23,0,Day,0,1,Low
21.82,83.54,5.47,22.43,0,Day,1,0,Medium
28.34,94.42,0.45,26.2,0,Night,1,0,High
23.69,72.66,0.68,24.01,1,Early_Morning,1,1,High
50.09,70.75,4.74,18.34,0,Day,1,1,Medium
32.15,75.79,3.46,21.05,1,Night,0,0,Medium
54.28,79.66,0.84,25.6,0,Day,1,0,High
35.03,71.4,0.79,27.66,0,Night,0,0,High
24.78,94.6,1.55,24.8,0,Night,1,0,High
25.19,73.44,0.67,24.48,0,Day,0,0,Medium
54.44,80.43,1.25,21.34,0,Day,0,1,Medium
35.37,83.4,4.4,23.62,0,Early_Morning,0,1,Low
17.24,80.36,2.21,23.65,1,Day,0,1,Medium
37.12,79.3,4.59,20.16,0,Early_Morning,0,1,Low
27.01,73.57,4.97,26.13,0,Day,0,0,Low
25.17,77.82,0.56,24.33,0,Day,0,1,Low
34.55,74.65,0.61,24.35,0,Day,1,0,Medium
42.69,83.88,8.84,22.67,0,Night,0,0,Medium
49.43,80.89,2.66,26.44,1,Night,0,1,High
38.76,92.23,1.01,20.43,0,Night,0,0,High
52.42,82.78,6.26,26.81,0,Day,0,0,Medium
26.83,75.19,6.29,23.48,1,Day,1,0,Medium
33.24,87.59,2.07,27.48,0,Day,1,0,Medium
36.43,72.0,15.85,29.23,0,Day,0,0,Low
20.78,84.7,6.8,18.1,1,Day,1,1,Medium
18.83,79.44,0.71,23.61,1,Day,1,0,High
52.01,92.32,5.27,28.52,1,Day,1,0,High
22.55,90.72,0.28,24.42,0,Night,0,1,Medium
38.51,100.82,1.72,26.6,0,Early_Morning,0,1,Medium
19.27,81.57,19.71,25.51,0,Day,0,1,Low
42.58,79.1,5.45,24.19,0,Day,1,0,Medium
33.17,85.57,3.59,24.09,0,Day,1,1,Low
20.84,88.32,3.02,20.98,0,Night,1,1,Medium
24.08,71.22,0.61,23.48,0,Night,1,0,Medium
31.88,58.74,2.34,25.71,1,Day,0,1,Medium
26.47,75.04,1.9,26.17,1,Day,0,1,Medium
40.67,77.05,0.14,24.78,0,Day,1,1,Medium
22.45,77.59,1.91,25.46,0,Night,0,0,Medium
42.76,66.69,3.52,23.13,0,Day,0,0,Low
57.2,91.86,9.44,29.66,0,Day,0,0,High
48.66,77.57,7.92,21.72,0,Day,0,1,Low
58.48,74.65,8.75,29.28,1,Day,1,1,High
39.6,83.38,1.19,17.04,0,Night,1,0,High
20.29,74.97,3.58,27.23,0,Night,1,1,Low
55.48,82.94,10.47,22.73,0,Day,0,1,Medium
49.72,89.32,0.28,31.29,0,Day,0,1,Low
29.41,88.88,0.44,26.77,0,Night,1,1,Medium
50.87,86.5,0.79,23.17,0,Early_Morning,0,1,Medium
28.86,68.9,11.0,28.17,0,Day,0,1,Low
44.31,85.96,7.29,23.24,0,Day,1,1,Low
55.16,85.43,1.4,24.76,0,Night,1,1,Medium
43.83,71.32,0.98,25.23,0,Day,0,0,Medium
43.68,83.86,0.23,28.8,0,Day,0,0,Medium
25.86,69.89,1.13,32.46,0,Night,0,1,Medium
41.69,72.63,2.47,26.28,0,Day,0,0,Low
27.71,92.96,0.0,24.57,0,Early_Morning,1,1,High
49.12,85.72,3.81,26.51,1,Night,1,0,High
36.07,93.45,1.94,21.96,0,Day,1,0,High
58.93,87.18,9.04,27.04,1,Day,1,1,High
18.86,66.91,2.09,27.19,0,Night,0,0,Medium
36.35,80.99,1.85,25.66,1,Night,0,0,Medium
41.05,70.72,0.71,24.85,1,Night,0,0,High
40.59,80.55,2.31,26.23,0,Early_Morning,0,1,Low
31.85,71.69,3.43,23.04,0,Night,0,1,Low
39.7,72.21,2.98,25.6,0,Early_Morning,1,1,Medium
42.56,84.75,3.29,25.85,1,Day,0,1,Low
43.65,73.37,1.02,29.03,0,Night,0,0,High
59.44,92.65,7.26,26.68,0,Day,1,1,High
54.62,73.15,1.52,20.74,0,Early_Morning,0,1,Medium
29.34,80.23,1.93,20.68,0,Early_Morning,0,1,Low
19.95,58.58,0.58,25.41,0,Day,1,0,High
35.46,79.46,0.39,19.45,0,Day,1,1,Medium
52.75,82.19,2.42,22.29,0,Night,0,0,Medium
23.79,84.76,5.7,15.84,0,Day,1,1,Low
36.65,97.96,2.05,28.35,0,Day,1,1,Medium
52.8,76.46,1.27,22.58,0,Early_Morning,1,1,Medium
39.49,80.72,2.93,19.89,1,Early_Morning,0,0,Medium
59.16,66.92,0.46,21.8,0,Day,1,0,High
35.11,93.29,0.99,20.42,0,Day,0,1,Low
54.2,91.57,5.84,19.03,0,Day,1,1,Medium
45.3,76.82,2.58,20.34,0,Night,0,1,Low
40.09,67.82,0.37,25.68,0,Day,1,1,Low
24.04,81.59,2.36,22.51,1,Early_Morning,0,0,High
50.76,84.52,3.81,20.32,0,Early_Morning,0,1,Medium
30.91,78.93,1.43,24.48,0,Day,1,0,Medium
53.87,65.54,0.0,25.54,0,Early_Morning,0,0,High
54.88,83.77,2.75,21.5,1,Night,0,1,Medium
47.02,94.51,7.29,24.15,0,Night,0,1,Medium
21.67,77.47,2.73,24.47,0,Day,0,0,Medium
27.37,74.18,1.2,22.56,0,Early_Morning,1,0,Medium
34.88,84.93,2.13,25.6,0,Day,0,1,Low
36.0,91.49,0.0,16.33,0,Early_Morning,0,0,High
25.06,67.12,1.53,21.89,0,Day,1,1,Medium
34.69,83.17,6.12,20.33,1,Day,1,0,Medium
31.99,78.21,2.76,22.58,0,Day,1,0,Medium
43.57,78.87,1.14,19.51,0,Early_Morning,0,1,Medium
50.37,79.83,1.31,25.12,1,Day,0,1,High
29.03,78.87,5.38,20.87,0,Day,1,1,Low
57.62,81.47,0.0,25.4,0,Night,0,0,High
49.76,75.42,2.09,24.35,0,Day,0,1,Medium
50.38,78.47,5.68,27.0,1,Early_Morning,0,1,Medium
50.22,58.32,0.18,18.88,1,Night,1,1,High
56.03,82.18,11.34,20.17,0,Day,0,0,Medium
42.73,77.91,1.05,26.46,0,Night,1,0,High
36.74,76.45,0.76,22.3,0,Day,0,1,Low
42.92,93.63,0.0,22.13,1,Early_Morning,0,1,High
21.11,79.69,2.56,28.58,0,Night,0,0,Low
57.94,79.82,1.39,24.56,0,Early_Morning,1,1,High
36.91,83.86,1.71,23.09,0,Night,0,1,Medium
22.94,78.51,3.78,20.89,1,Day,1,1,Medium
56.28,86.52,13.27,21.94,0,Day,0,0,High
36.45,78.88,6.9,25.35,0,Night,1,0,Medium
51.14,80.93,0.92,23.18,1,Night,1,1,High
26.65,78.79,0.0,16.57,0,Night,0,0,Medium
49.36,83.23,2.6,30.4,0,Night,0,1,Low
57.27,81.76,13.11,22.54,1,Day,1,1,High
50.72,82.89,10.56,22.34,1,Early_Morning,0,1,Medium
22.74,77.1,0.82,18.77,0,Night,1,0,High
51.79,71.07,1.68,18.27,0,Night,0,0,Medium
36.88,81.23,6.05,19.98,1,Night,1,0,High
24.18,70.87,1.76,24.08,1,Day,1,1,High
42.57,86.49,2.34,23.89,1,Day,1,0,High
54.86,83.04,3.5,25.01,0,Early_Morning,0,0,Medium
56.96,85.32,0.43,22.02,0,Early_Morning,0,1,High
57.07,70.78,2.84,21.02,0,Night,1,0,High
39.59,73.73,0.43,20.76,1,Early_Morning,1,0,High
54.98,74.99,2.49,23.64,0,Early_Morning,0,0,High
54.5,79.62,3.88,25.21,0,Day,1,1,Medium
25.78,77.5,3.83,25.02,0,Night,1,1,Low
63.63,77.2,3.54,19.35,0,Day,0,0,Medium
29.01,82.61,1.12,21.51,0,Day,0,0,Medium
54.43,71.91,1.64,20.65,0,Night,0,1,High
37.57,74.91,2.93,26.2,1,Early_Morning,1,1,Medium
28.75,81.79,9.92,25.83,1,Day,1,1,Medium
36.56,84.77,0.28,26.96,0,Night,0,1,Medium
60.04,77.07,5.7,25.8,1,Early_Morning,0,1,High
43.3,87.91,1.49,24.49,0,Day,1,0,Medium
47.02,89.92,0.43,16.34,1,Early_Morning,0,1,High
31.98,80.51,1.71,26.65,0,Day,0,0,Low
44.51,70.79,1.69,22.92,1,Night,0,1,Medium
29.39,84.69,5.58,22.79,0,Night,0,0,Medium
58.29,79.18,0.96,24.19,0,Day,1,0,High
22.0,62.72,0.1,25.49,0,Day,0,1,Medium
45.94,88.57,0.13,21.44,0,Day,0,1,Low
47.77,72.34,2.47,30.34,0,Early_Morning,0,0,Medium
31.32,79.54,3.4,26.14,0,Night,1,1,Low
23.37,81.79,0.61,23.25,0,Night,0,0,Medium
22.92,84.45,0.31,21.88,1,Day,1,1,High
26.51,71.96,5.49,25.27,0,Day,0,1,Low
31.0,75.76,1.64,21.78,0,Early_Morning,0,0,Medium
43.03,83.18,3.24,25.56,0,Night,1,0,Medium
27.81,85.24,0.54,23.97,0,Early_Morning,0,0,Medium
54.89,65.11,4.73,18.09,0,Day,1,1,Medium
37.95,88.6,1.92,27.61,0,Night,1,1,Medium
52.84,87.32,2.97,27.48,0,Day,0,0,Low
39.97,92.83,1.49,23.39,0,Night,1,1,Medium
53.75,84.92,0.0,22.02,1,Night,1,0,High
56.12,76.66,1.31,22.62,0,Early_Morning,1,1,High
19.13,84.82,6.26,26.34,0,Day,0,1,Low
42.87,93.45,2.46,28.74,0,Night,1,1,Medium
23.26,77.31,3.33,21.04,0,Day,1,0,Medium
21.05,63.15,7.65,20.25,0,Night,0,1,Medium
20.32,73.73,9.72,19.51,0,Night,1,0,Medium
43.63,72.85,1.81,26.04,0,Early_Morning,0,1,Low
26.26,72.9,10.27,28.13,1,Day,0,0,Medium
36.07,83.12,4.61,27.59,1,Day,0,1,Low
29.77,76.89,0.51,23.28,1,Early_Morning,1,0,High
51.72,85.29,5.67,20.17,0,Day,1,0,Medium
29.95,73.44,1.08,25.66,0,Night,1,0,High
46.24,80.12,6.04,15.0,0,Day,0,0,Low
50.95,76.06,2.19,22.65,1,Day,0,1,Medium
56.57,74.35,5.01,22.01,0,Night,1,1,High
57.3,90.43,2.74,24.78,1,Day,0,0,High
56.88,60.46,2.73,24.1,0,Early_Morning,1,1,High
29.73,74.29,0.08,26.1,0,Night,0,0,Medium
51.03,73.18,1.17,21.08,0,Day,1,0,Medium
38.9,77.52,2.3,21.14,1,Early_Morning,0,0,Medium
44.12,82.77,13.96,24.68,0,Night,0,0,Medium
47.25,79.18,1.01,23.64,1,Day,1,0,High
29.68,73.05,4.05,25.13,1,Day,1,0,Medium
47.11,76.78,0.55,23.42,0,Day,0,1,Low
58.31,78.78,2.08,22.77,0,Day,1,0,High
33.88,66.23,1.54,24.12,1,Night,0,0,High
23.95,80.92,0.0,26.11,1,Day,0,0,High
42.99,80.19,1.05,26.09,0,Early_Morning,0,1,Low
44.47,84.32,0.0,25.61,0,Day,0,1,Medium
22.63,86.43,0.93,23.65,0,Early_Morning,1,1,Medium
53.6,72.68,1.45,24.43,1,Night,0,0,High
46.48,92.88,0.47,27.6,0,Day,0,1,Medium
58.47,89.9,5.44,20.41,0,Day,0,1,Medium
55.11,79.16,7.13,24.39,1,Early_Morning,0,1,High
46.8,82.55,0.25,24.02,0,Day,0,1,Low
33.64,73.21,2.19,25.37,0,Day,0,0,Medium
56.16,70.14,3.97,24.91,0,Night,0,1,Medium
25.8,73.84,1.29,26.94,0,Early_Morning,0,1,Low
45.38,71.17,1.1,21.57,0,Day,1,0,Medium
24.86,74.58,4.11,17.97,0,Early_Morning,0,0,Medium
46.48,85.83,2.23,32.07,0,Night,0,0,Medium
54.34,66.39,4.2,22.79,0,Day,0,1,Medium
33.46,84.68,0.34,27.9,0,Night,1,0,High
30.14,88.04,0.0,17.95,0,Day,0,1,Low
57.53,84.21,0.0,23.18,0,Night,0,0,High
22.78,72.31,1.83,23.03,0,Day,0,0,Medium
64.83,92.05,2.16,25.99,1,Day,0,0,High
48.36,83.23,0.74,21.01,0,Day,1,1,High
53.82,86.06,1.8,21.78,0,Day,0,1,Medium
56.77,83.5,2.71,20.53,0,Day,1,0,High
25.02,81.2,0.62,25.93,1,Night,1,0,High
39.65,64.4,8.39,25.38,1,Early_Morning,1,0,High
48.36,74.66,5.46,21.24,1,Night,0,0,Medium
52.3,80.07,0.0,26.05,0,Early_Morning,1,0,High
58.44,75.25,0.0,29.52,0,Night,1,0,High
49.36,84.56,1.6,28.17,0,Night,0,0,Medium
17.93,79.53,0.85,16.28,1,Day,0,0,Medium
55.88,89.1,4.2,22.73,0,Night,0,1,Medium
51.32,101.55,0.0,21.56,0,Early_Morning,1,0,High
36.42,74.02,5.07,21.05,0,Day,1,1,Low
39.19,67.18,3.74,24.19,0,Day,1,1,Low
22.08,71.77,3.69,32.91,0,Day,0,1,Low
23.51,87.05,0.0,20.81,1,Early_Morning,0,1,Medium
57.81,68.26,0.14,21.8,0,Day,1,1,High
47.49,80.28,1.37,21.73,1,Early_Morning,0,1,Medium
38.34,73.43,0.0,24.13,0,Day,0,1,Medium
58.12,94.22,3.17,21.34,1,Early_Morning,0,1,High
58.54,78.34,0.12,27.09,0,Night,1,1,High
33.7,73.7,5.77,27.68,0,Day,0,1,Low
26.89,95.11,7.64,28.82,0,Early_Morning,0,1,Low
33.08,75.42,3.59,26.06,0,Night,0,0,Medium
39.77,58.4,6.78,27.39,0,Early_Morning,0,0,Low
44.52,87.55,3.73,29.78,1,Day,0,1,Medium
25.51,73.51,0.98,25.26,0,Night,0,0,High
37.22,63.26,4.66,30.67,0,Day,0,0,Medium
37.81,69.87,4.43,28.0,1,Day,1,1,Medium
31.88,71.72,2.94,28.16,1,Day,0,1,Low
52.38,77.6,2.98,23.55,1,Night,0,0,High
52.74,88.1,1.95,18.56,0,Night,0,0,High
62.21,75.87,7.29,28.25,0,Night,0,0,High
32.07,81.85,10.0,20.6,0,Night,0,1,Low
49.72,79.82,6.84,30.52,0,Day,0,1,Low
37.43,85.13,1.19,22.1,0,Day,0,0,Medium
52.9,89.32,7.73,27.63,1,Day,0,0,High
57.39,90.07,3.45,25.24,0,Day,1,0,High
51.11,89.94,1.05,28.44,1,Day,0,0,High
41.96,82.45,2.38,26.32,0,Early_Morning,0,1,Low
48.89,89.17,1.73,19.92,0,Day,0,0,Medium
26.98,80.85,1.35,29.57,1,Night,1,0,High
47.95,77.97,3.16,18.57,0,Day,1,1,Low
49.39,85.81,2.69,26.21,0,Early_Morning,0,1,Medium
57.0,77.35,7.91,23.16,0,Day,1,1,Medium
38.13,63.67,0.34,21.62,0,Day,0,1,Medium
42.34,71.76,1.98,20.97,0,Day,0,1,Low
44.49,83.17,2.85,21.33,0,Night,0,1,Low
54.55,82.49,2.57,21.83,1,Day,0,1,Medium
21.0,76.44,1.78,22.85,0,Day,0,1,Low
23.24,88.17,1.67,33.02,0,Day,1,1,Medium
45.38,89.41,2.47,20.34,1,Day,0,0,High
54.57,81.43,7.83,20.52,0,Night,0,0,Medium
54.6,76.96,1.18,26.17,1,Day,1,0,High
26.31,77.74,12.45,16.03,0,Day,0,0,Medium
58.95,72.9,0.85,23.45,1,Day,0,1,High
30.47,76.73,2.22,28.87,0,Day,1,1,Medium
22.4,88.34,0.0,25.87,1,Night,0,0,High
41.27,75.09,7.21,21.67,1,Night,1,1,Medium
38.98,70.47,3.77,24.33,1,Day,0,0,High
35.37,90.24,2.8,24.39,0,Day,0,0,Medium
53.33,70.81,0.0,23.18,0,Day,1,1,Medium
58.61,91.96,2.59,23.4,1,Day,1,1,High
28.36,65.92,2.49,24.13,0,Day,0,0,Medium
43.03,87.51,6.74,22.16,0,Day,1,1,Low
24.29,82.03,1.13,27.02,0,Day,0,1,Low
47.0,82.83,1.13,28.16,1,Early_Morning,0,1,Medium
47.71,67.66,7.49,23.54,0,Day,0,1,Low
56.09,76.8,0.0,24.58,1,Day,0,1,High
44.98,91.41,2.86,23.37,0,Early_Morning,0,1,Low
43.41,80.82,6.37,26.03,1,Early_Morning,0,0,Medium
23.43,86.47,0.35,22.64,1,Early_Morning,1,0,High
52.68,76.84,0.63,27.61,0,Day,0,1,Medium
42.78,74.17,4.48,21.76,1,Day,1,0,Medium
32.64,77.27,0.43,23.52,0,Day,1,1,Medium
39.95,70.81,5.47,21.98,0,Early_Morning,0,1,Low
44.63,76.83,0.08,28.56,0,Night,0,1,Low
59.59,83.4,2.44,28.67,1,Early_Morning,0,0,High
44.58,64.49,2.1,23.06,0,Early_Morning,1,1,High
30.19,72.68,3.29,25.67,0,Day,0,0,Low
30.36,89.2,3.15,23.06,0,Early_Morning,0,1,Low
42.72,85.54,3.95,26.62,1,Day,0,1,Low
32.69,83.71,2.95,26.42,0,Night,1,1,Low
42.07,87.61,0.2,20.4,1,Night,0,1,Medium
28.97,81.44,1.74,25.07,0,Day,0,0,Medium
35.64,85.88,6.49,21.08,1,Night,0,1,Medium
30.62,80.91,0.9,24.68,1,Early_Morning,0,0,High
51.97,60.49,0.77,24.86,0,Day,0,0,High
45.06,94.18,1.5,25.19,1,Night,1,1,High
54.75,77.07,4.8,27.22,0,Day,0,0,Medium
43.17,78.17,3.57,18.49,0,Day,1,0,Medium
24.33,82.03,1.86,29.19,0,Night,1,0,High
56.9,96.78,7.46,23.78,0,Night,1,1,High
45.15,82.67,2.49,23.26,0,Day,1,0,Medium
39.96,69.07,2.33,22.61,0,Day,0,0,Low
32.47,65.99,2.97,23.83,0,Night,0,1,Medium
26.09,73.57,1.84,24.05,0,Night,0,0,Medium
23.76,90.91,0.0,22.87,1,Day,1,1,High
24.05,84.67,4.96,25.03,1,Night,0,0,Medium
61.37,90.3,3.23,22.7,1,Night,1,0,High
44.53,78.64,1.17,24.8,0,Day,0,0,Low
34.65,88.14,4.18,22.91,0,Day,1,0,Low
50.84,69.69,2.92,22.53,0,Day,1,0,High
49.12,72.29,2.06,22.38,0,Night,1,1,High
29.36,97.87,0.39,24.28,0,Day,0,0,Medium
22.28,80.19,0.61,22.62,1,Day,0,1,Medium
16.21,82.36,4.57,29.68,0,Early_Morning,1,1,Medium
55.81,85.45,1.21,19.47,0,Early_Morning,0,1,High
52.63,62.11,0.61,20.72,0,Day,0,1,High
41.47,98.37,6.87,25.51,0,Night,1,1,Medium
51.27,77.62,0.48,25.37,1,Night,0,1,High
28.13,68.84,1.58,26.49,1,Day,0,1,Medium
49.37,69.29,0.73,25.98,0,Early_Morning,0,1,Low
64.46,79.49,0.64,17.77,0,Day,1,0,High
46.02,69.98,7.33,22.81,1,Night,1,1,Medium
17.78,71.76,3.12,19.25,0,Day,0,1,Low
28.0,62.34,1.79,20.32,0,Night,1,0,Medium
21.16,60.44,0.0,22.78,0,Early_Morning,0,0,High
41.18,92.86,2.92,22.0,0,Night,1,1,Medium
41.68,77.69,1.66,21.81,0,Early_Morning,0,0,Medium
56.31,75.31,0.72,23.45,0,Day,0,0,High
32.84,71.98,3.05,23.96,0,Day,1,1,Low
23.66,82.71,0.0,18.89,0,Early_Morning,0,1,Medium
33.2,74.23,2.57,20.92,0,Day,1,0,Medium
41.09,80.06,1.83,22.68,0,Early_Morning,0,0,Medium
19.72,86.65,0.0,25.3,0,Day,0,0,Medium
57.52,87.87,0.76,23.07,1,Day,0,0,High
55.99,68.81,0.78,22.02,0,Night,0,1,High
47.52,79.89,3.42,24.97,1,Early_Morning,1,1,Medium
21.89,73.71,6.34,23.63,0,Day,0,0,Low
57.21,86.27,2.12,26.68,0,Early_Morning,0,0,High
22.8,71.42,5.37,20.04,0,Night,0,1,Low
54.11,74.85,8.48,28.24,1,Day,1,0,High
38.32,79.21,10.11,20.43,1,Day,1,1,Medium
60.68,82.8,10.51,24.7,0,Day,0,1,Medium
42.14,69.3,3.62,24.84,1,Night,0,0,Medium
22.15,69.11,3.29,23.37,1,Early_Morning,0,0,Medium
23.28,62.92,3.06,23.32,0,Day,0,0,Medium
22.92,78.0,3.83,21.49,1,Day,1,1,Medium
54.18,80.24,4.09,25.07,0,Day,1,1,Medium
61.84,94.97,1.73,24.46,1,Day,1,1,High
51.05,81.71,1.81,27.35,1,Early_Morning,0,1,Medium
60.13,79.07,2.51,22.59,0,Night,1,0,High
19.5,93.94,6.26,22.6,0,Day,0,1,Low
41.56,88.04,5.82,28.47,1,Night,1,0,High
28.3,76.3,0.0,25.53,0,Day,0,0,Medium
32.74,90.93,2.37,24.78,0,Day,1,0,Medium
37.59,98.65,0.51,21.25,0,Night,1,1,High
59.29,86.46,3.63,19.95,0,Day,0,0,Medium
48.88,78.91,1.54,21.55,0,Night,0,1,Medium
54.5,91.81,3.27,18.78,1,Early_Morning,0,0,High
56.32,74.83,1.08,24.89,0,Day,0,0,Medium
42.33,80.12,2.86,23.18,0,Day,0,1,Low
31.93,81.61,7.84,25.24,0,Day,0,0,Low
26.17,86.08,1.75,20.93,0,Night,1,1,Medium
43.37,75.64,4.07,23.85,0,Day,0,1,Low
58.5,87.01,1.68,21.7,0,Day,0,0,High
46.83,88.68,2.52,23.11,0,Early_Morning,0,1,Low
41.65,97.62,2.26,29.4,1,Night,1,1,High
54.72,69.84,6.03,29.93,0,Night,1,1,High
49.71,88.7,2.67,25.19,1,Early_Morning,1,1,High
25.52,82.34,2.79,21.28,1,Early_Morning,1,0,High
52.49,82.29,14.04,24.12,0,Night,0,0,Medium
20.95,76.61,2.68,24.43,0,Night,0,0,Medium
31.32,60.44,5.18,21.89,1,Day,1,1,Medium
34.73,86.46,2.77,17.35,0,Early_Morning,1,0,High
52.81,72.98,8.54,20.88,0,Early_Morning,0,0,High
51.8,83.59,0.15,28.0,1,Day,0,1,High
50.09,74.9,0.0,24.82,0,Day,0,0,Medium
41.08,70.72,9.39,19.53,0,Early_Morning,1,1,Low
45.43,72.5,0.0,24.92,0,Night,0,1,Low
41.05,64.09,1.47,20.76,0,Night,1,0,High
45.4,73.46,2.4,30.66,0,Night,0,1,Low
25.27,83.11,5.35,25.55,1,Night,0,1,Low
50.29,84.5,2.39,26.1,0,Day,1,1,Medium
40.29,89.89,0.0,22.11,0,Early_Morning,1,0,High
54.88,80.67,4.83,26.71,1,Day,1,1,Medium
49.63,90.75,0.0,20.46,0,Night,1,1,Medium
42.9,70.04,0.15,23.69,1,Day,0,0,Medium
50.11,79.81,2.26,29.39,1,Day,0,1,Medium
54.65,76.37,11.56,26.56,0,Night,0,1,Medium
55.98,86.18,0.0,20.17,0,Day,0,0,High
42.56,78.94,6.52,19.21,0,Day,1,0,Low
28.49,81.82,2.34,25.3,1,Day,0,0,Medium
34.09,73.61,5.14,19.96,0,Day,1,1,Low
52.13,76.01,5.3,28.28,0,Early_Morning,0,0,Medium
53.43,76.76,2.9,20.03,1,Day,1,0,High
22.53,82.3,2.52,27.16,1,Early_Morning,0,1,Medium
36.27,85.08,1.87,27.34,0,Night,0,0,Medium
35.91,72.13,2.33,22.63,1,Day,1,0,Medium
50.9,70.17,0.0,24.13,0,Day,0,0,Medium
53.34,89.32,1.38,25.12,0,Day,0,1,Medium
46.67,71.17,1.28,22.17,0,Day,1,0,Medium
33.89,82.02,2.44,21.81,0,Early_Morning,1,1,Medium
36.0,75.5,5.37,21.52,0,Night,1,1,Medium
24.11,68.85,0.27,24.7,0,Day,0,1,Medium
23.66,70.06,1.01,27.26,1,Early_Morning,0,0,High
22.4,65.51,6.82,22.78,0,Night,1,0,Medium
19.59,75.36,5.22,20.07,1,Day,0,1,Low
30.54,91.06,0.0,22.87,1,Night,1,1,High
35.49,71.84,1.51,27.99,1,Day,1,0,High
25.75,83.4,0.65,19.27,0,Night,1,0,High
39.99,81.99,1.09,23.8,1,Day,1,1,High
38.21,90.3,1.45,23.41,0,Day,1,0,Medium
50.59,84.61,1.33,28.15,0,Day,0,0,Medium
48.21,69.74,1.55,22.85,0,Day,1,1,Medium
31.96,65.02,7.75,28.14,0,Day,1,0,Medium
47.98,82.07,0.06,24.63,1,Early_Morning,0,1,High
29.66,71.67,2.44,23.65,0,Day,0,1,Low
48.96,84.96,0.87,25.02,0,Early_Morning,0,0,Medium
56.0,79.85,4.14,28.98,0,Day,0,0,Medium
19.36,83.14,10.28,26.53,0,Day,0,1,Low
52.11,81.81,7.66,15.83,0,Night,1,1,Medium
44.19,80.42,1.07,20.04,1,Early_Morning,1,1,High
36.8,78.27,0.3,21.12,0,Early_Morning,0,0,Medium
54.03,76.72,6.6,23.6,0,Day,1,1,Medium
51.08,79.05,5.9,21.07,1,Night,0,0,High
53.16,79.5,0.8,15.0,1,Day,0,1,High
27.21,91.99,1.27,24.74,0,Day,0,0,Medium
36.81,72.07,2.28,22.95,1,Early_Morning,0,0,Medium
33.42,93.52,8.61,26.72,1,Night,0,1,Medium
31.69,69.21,2.19,25.02,0,Day,0,1,Medium
22.94,76.46,2.8,31.65,1,Night,0,1,Medium
59.17,92.0,7.96,21.35,0,Night,0,1,High
49.11,73.27,0.87,29.42,0,Day,0,1,Medium
28.58,75.59,0.66,23.24,0,Night,0,1,Medium
46.84,82.54,1.68,26.92,0,Night,0,0,Medium
51.02,84.69,3.58,25.41,0,Day,0,0,Medium
32.06,89.87,0.28,20.69,0,Early_Morning,0,0,Medium
41.49,88.82,0.0,25.69,1,Day,1,1,High
20.26,85.4,3.62,23.67,0,Day,0,1,Low
47.28,83.62,6.13,25.53,0,Night,0,0,Low
34.68,80.97,3.83,22.15,0,Early_Morning,0,1,Low
49.33,75.2,8.81,23.74,0,Early_Morning,0,0,Medium
21.36,77.97,6.3,18.29,0,Day,0,1,Low
26.3,83.05,6.57,25.27,0,Early_Morning,0,0,Medium
41.36,84.53,6.52,21.06,0,Day,1,1,Low
19.87,81.03,0.5,27.06,1,Night,0,0,High
51.19,78.18,3.79,19.81,0,Early_Morning,1,1,Medium
46.91,67.78,4.75,22.61,0,Day,0,1,Low
53.96,85.45,0.55,29.01,0,Night,1,0,High
37.79,93.64,10.59,24.43,0,Night,0,1,Medium
31.59,80.04,1.29,19.3,1,Night,0,1,Medium
39.24,78.27,1.97,27.13,1,Day,1,1,Medium
55.06,83.99,10.09,24.76,1,Day,1,1,High
33.19,74.58,3.6,25.57,0,Day,0,0,Low
28.37,73.95,2.94,21.88,0,Day,0,0,Medium
42.47,87.21,4.56,24.92,0,Day,1,0,Medium
36.44,78.31,1.82,32.33,1,Early_Morning,0,1,High
21.37,95.51,0.0,20.96,0,Day,0,0,High
27.72,85.29,11.23,25.02,0,Day,0,1,Low
45.01,78.79,1.27,26.27,1,Early_Morning,0,1,Medium
36.98,88.91,1.71,21.7,0,Night,0,0,Medium
26.26,82.61,0.67,22.96,0,Day,1,1,Medium
55.7,89.06,4.51,26.33,0,Early_Morning,1,1,Medium
50.75,74.28,1.61,22.02,0,Night,1,1,Medium
24.09,82.47,8.05,19.19,0,Day,0,1,Low
20.18,79.33,1.07,25.89,0,Early_Morning,1,0,Medium
21.55,65.23,3.35,27.02,1,Day,1,1,Medium
40.91,85.71,0.81,28.14,0,Day,0,1,Low
46.63,88.51,1.11,22.28,0,Day,0,0,Medium
49.39,78.6,1.64,20.28,0,Night,0,0,Medium
30.44,77.98,0.27,27.58,0,Day,0,0,Medium
55.18,70.09,1.02,26.46,1,Night,1,1,High
40.73,88.96,1.03,20.99,1,Night,0,0,High
26.49,96.79,0.14,17.97,1,Night,1,0,High
29.24,76.46,1.21,24.31,0,Day,0,1,Low
42.15,84.01,0.92,26.64,0,Day,0,0,Medium
29.9,67.92,3.99,19.22,0,Night,0,0,Medium
42.89,81.32,8.19,23.35,0,Night,0,1,Low
35.25,72.47,6.39,21.35,0,Night,0,1,Low
34.97,83.28,6.18,21.17,1,Early_Morning,0,1,Medium
55.97,77.32,0.48,27.93,1,Night,0,0,High
50.43,86.1,6.53,25.46,0,Night,0,0,Low
50.79,78.94,1.47,27.21,0,Day,0,1,Medium
46.79,80.52,4.22,20.05,0,Day,1,0,Medium
21.11,79.31,0.0,23.46,1,Night,0,0,High
20.22,81.01,5.59,25.71,0,Day,1,0,Low
29.22,88.39,1.14,22.54,1,Day,1,1,High
47.39,92.44,0.0,23.26,1,Early_Morning,0,0,High
34.72,79.14,7.5,23.57,0,Day,0,1,Low
28.21,65.25,3.25,26.38,0,Day,1,1,Medium
40.83,78.03,1.47,20.98,1,Night,1,1,High
58.21,68.48,1.94,22.73,0,Day,1,0,High
47.62,86.79,8.88,27.15,0,Day,1,1,Low
44.09,60.71,1.58,18.81,0,Day,1,0,High
31.41,72.16,1.93,34.58,1,Day,0,0,Medium
23.98,77.49,2.64,17.63,0,Day,1,0,Medium
54.92,74.57,4.1,27.73,0,Day,1,1,Medium
58.89,68.07,1.04,24.38,0,Day,0,1,High
29.17,84.54,1.35,24.93,1,Day,0,1,Medium
52.48,83.56,0.38,25.23,0,Day,0,0,High
20.96,80.05,0.12,27.24,1,Early_Morning,0,0,High
34.88,85.83,0.64,22.77,0,Night,1,1,Medium
45.01,84.26,1.69,22.14,1,Day,1,0,High
57.71,77.62,2.3,22.33,0,Day,0,0,Medium
30.59,85.98,1.92,24.94,0,Day,1,0,Medium
20.91,72.66,2.96,27.14,0,Day,0,0,Low
45.46,94.04,2.87,22.88,0,Day,1,1,Low
56.73,78.03,2.28,19.34,1,Early_Morning,0,1,High
38.97,79.5,1.2,27.25,0,Early_Morning,1,1,Medium
51.99,79.29,1.72,22.9,1,Day,0,1,High
26.17,73.4,1.45,21.59,1,Early_Morning,1,0,High
46.94,80.13,3.9,24.3,0,Day,0,0,Medium
27.26,79.09,3.62,25.6,0,Day,1,0,Medium
34.39,90.25,6.54,30.09,0,Early_Morning,0,1,Low
52.43,80.76,2.28,22.64,0,Night,0,1,Medium
36.92,88.09,0.74,25.79,0,Day,1,1,Medium
48.27,77.14,2.81,24.99,0,Day,0,1,Low
35.25,89.81,19.99,19.79,0,Day,0,1,Low
41.16,67.42,0.91,26.29,0,Early_Morning,0,0,High
46.52,69.66,0.63,17.76,0,Day,1,0,High
41.1,73.41,0.96,28.91,1,Day,0,0,High
47.2,80.66,3.56,21.23,0,Night,0,0,Medium
46.17,74.82,6.01,22.3,1,Early_Morning,1,1,Medium
53.15,77.19,0.0,27.03,0,Day,0,0,High
19.18,76.55,0.0,23.12,0,Day,0,0,Low
31.92,88.4,0.93,25.9,0,Early_Morning,0,0,Medium
61.0,89.35,3.35,30.24,0,Day,0,1,High
47.66,76.57,2.36,28.53,0,Early_Morning,0,1,Low
49.3,82.99,3.29,24.4,0,Day,0,0,Low
48.71,73.49,2.18,25.51,0,Early_Morning,0,0,Medium
25.17,73.53,1.39,27.43,0,Day,1,0,Low
59.25,90.82,2.03,23.99,0,Day,1,1,Medium
38.71,91.67,4.45,25.04,0,Night,0,0,Medium
21.53,71.8,1.96,24.29,0,Day,1,0,Medium
30.51,77.59,1.72,24.04,0,Day,1,0,Medium
61.38,74.79,1.6,21.88,0,Day,1,1,High
42.97,73.0,7.2,23.72,1,Day,1,1,Medium
40.34,72.12,3.65,25.9,0,Day,0,0,Low
31.61,80.61,0.94,20.08,1,Night,1,1,High
53.11,87.6,2.77,23.89,1,Day,1,0,High
44.89,71.39,0.25,26.78,0,Early_Morning,0,1,Medium
28.7,67.32,5.63,23.47,0,Day,0,0,Medium
37.22,87.77,4.4,22.37,0,Day,0,1,Low
24.96,79.77,2.05,25.24,0,Night,1,0,Medium
34.37,84.66,0.19,20.07,0,Early_Morning,0,0,Medium
50.9,73.07,1.32,20.01,0,Night,1,0,High
29.61,78.35,4.26,21.67,0,Early_Morning,0,1,Low
53.55,87.74,12.26,21.54,1,Day,0,1,Low
25.26,69.65,1.46,28.79,1,Day,0,0,Medium
37.49,73.86,8.39,27.43,1,Day,0,1,Medium
40.61,74.25,11.6,28.69,0,Early_Morning,1,1,Low
52.0,78.13,0.41,23.54,0,Night,1,1,High
59.15,73.91,0.66,23.41,0,Day,1,0,High
18.91,92.53,4.67,20.32,1,Day,1,1,Medium
52.49,74.78,0.82,26.66,0,Night,1,0,High
45.05,83.73,0.0,31.01,0,Day,0,1,Medium
34.6,70.02,2.25,21.53,0,Night,1,1,Medium
56.86,73.49,2.16,23.53,0,Early_Morning,0,0,High
51.18,84.55,3.49,27.28,0,Day,0,0,Medium
58.85,89.06,4.2,24.66,0,Day,1,0,High
60.55,90.82,0.0,29.73,0,Day,1,1,High
54.43,86.66,2.97,27.73,0,Day,0,0,High
39.74,84.38,0.0,18.17,1,Day,1,0,High
28.3,80.28,5.08,20.15,0,Early_Morning,0,1,Low
33.07,84.45,0.04,27.16,1,Night,1,0,High
42.58,81.86,3.31,20.43,1,Day,1,0,High
48.31,79.66,3.51,20.54,1,Early_Morning,0,0,High
47.74,77.77,0.85,24.26,0,Day,0,1,Low
41.04,64.96,2.91,21.95,1,Night,1,0,High
18.7,76.13,4.4,27.66,0,Early_Morning,0,1,Low
18.44,76.31,1.17,20.0,1,Day,0,0,Medium
26.47,82.64,1.49,22.61,1,Day,1,1,Medium
42.23,78.51,3.24,23.7,1,Night,1,1,Medium
33.73,81.59,1.32,22.93,0,Day,1,0,Medium
25.52,86.32,2.56,16.84,0,Night,1,1,Medium
59.79,75.98,1.4,27.87,1,Day,0,0,High
45.8,74.2,2.25,25.55,1,Early_Morning,1,0,High
25.71,67.13,3.84,24.69,1,Night,1,0,High
31.75,90.13,0.81,18.18,0,Night,1,0,High
45.44,86.03,4.39,26.12,0,Early_Morning,0,0,Low
47.58,80.35,2.1,22.58,0,Night,0,1,Low
59.28,75.32,2.05,27.68,0,Day,0,0,High
23.72,87.96,2.9,29.61,1,Night,1,1,Medium
29.95,89.34,3.88,24.53,0,Night,0,0,Medium
23.57,68.0,0.63,25.06,0,Day,1,0,High
22.95,79.15,1.99,19.59,0,Day,1,0,Medium
34.47,81.12,3.79,31.04,0,Night,0,1,Low
31.82,76.0,0.94,23.75,1,Early_Morning,1,1,High
47.37,76.99,3.12,23.17,0,Day,1,1,Low
55.85,81.07,0.36,21.11,0,Night,0,0,High
45.68,90.92,1.9,19.27,1,Day,1,1,High
25.05,75.63,3.45,27.33,0,Day,1,0,Medium
38.8,90.44,9.16,26.71,1,Early_Morning,0,1,Medium
23.23,75.32,1.79,21.54,0,Day,1,0,Medium
23.59,74.42,0.07,23.15,0,Early_Morning,0,0,Medium
27.69,78.01,2.5,24.58,0,Night,0,1,Low
63.15,74.14,7.16,24.82,0,Night,1,1,High
47.41,81.07,0.0,20.31,0,Early_Morning,0,1,Medium
22.93,85.95,0.72,29.26,1,Night,1,1,High
29.63,90.12,9.29,25.18,1,Early_Morning,0,1,Medium
22.47,93.18,3.77,24.29,1,Day,0,0,Medium
52.67,100.38,8.29,29.24,0,Day,0,1,Medium
41.35,81.19,5.33,25.25,1,Day,0,0,Medium
43.95,86.82,9.77,24.01,1,Day,0,1,Low
35.58,88.34,4.28,18.3,0,Night,0,0,Low
43.13,76.75,0.0,21.33,0,Night,0,0,Medium
28.03,86.35,1.67,19.38,0,Day,0,0,Medium
50.42,69.84,0.06,31.04,1,Day,0,0,High
54.71,78.94,2.26,25.8,1,Day,0,0,High
57.56,65.53,1.43,24.39,0,Day,0,0,High
38.71,100.21,0.27,24.5,0,Day,0,0,High
38.05,87.39,14.14,19.94,1,Night,0,1,Medium
44.16,78.66,1.32,22.98,0,Day,0,0,Low
53.28,75.48,3.43,23.91,0,Day,0,1,Low
32.39,95.82,0.57,26.5,0,Day,0,0,Medium
54.06,70.89,0.86,23.99,0,Early_Morning,0,0,High
33.1,78.46,5.32,26.81,0,Day,1,0,Medium
21.51,74.94,2.71,28.41,1,Night,1,1,Medium
35.48,76.7,0.0,25.25,1,Day,0,0,High
55.04,71.31,5.07,28.11,0,Day,0,0,Medium
36.27,88.78,2.25,28.03,0,Night,0,0,Medium
58.88,80.47,4.64,17.59,0,Night,0,1,High
23.46,80.87,2.41,28.96,0,Night,0,0,Medium
54.62,63.65,2.29,21.61,1,Day,0,0,High
50.7,89.85,1.17,22.09,1,Night,0,1,High
31.15,86.21,2.79,22.41,0,Early_Morning,0,1,Medium
50.07,79.15,3.82,24.37,0,Day,0,0,Medium
56.35,77.94,0.0,22.42,0,Day,1,1,High
56.24,84.93,5.16,29.84,0,Night,0,0,Medium
47.66,80.91,0.15,26.49,1,Day,0,0,High
34.77,86.05,5.99,23.74,0,Day,1,1,Low
30.47,74.08,1.25,28.08,0,Day,0,0,Medium
50.46,73.69,2.52,24.16,0,Early_Morning,0,1,Low
54.44,93.53,0.64,22.0,0,Day,1,1,High
48.03,63.62,1.83,26.29,1,Night,0,1,High
38.01,70.53,1.81,29.82,0,Night,0,0,Medium
30.5,79.21,1.15,24.99,1,Night,0,0,High
28.42,77.26,0.48,27.51,1,Day,1,0,High
43.18,65.11,1.11,24.74,0,Early_Morning,0,1,Low
58.82,81.85,7.36,25.69,0,Early_Morning,0,0,High
31.57,80.44,3.61,18.9,1,Night,0,1,Medium
48.21,86.51,0.8,20.86,1,Day,0,1,Medium
23.17,72.94,4.83,27.17,0,Night,1,1,Low
60.68,78.04,1.67,31.17,0,Night,0,0,High
30.56,82.5,2.08,15.25,0,Early_Morning,0,0,Medium
32.57,73.88,1.92,24.14,0,Night,0,0,Medium
29.41,80.98,0.73,27.6,1,Early_Morning,0,0,High
27.12,85.74,1.41,21.18,0,Day,0,0,Medium
44.17,76.99,0.91,19.18,0,Early_Morning,0,0,Low
46.63,82.75,3.44,23.91,0,Early_Morning,0,1,Low
23.45,82.09,3.21,26.31,0,Night,1,0,Medium
42.03,78.61,14.23,29.2,0,Day,0,1,Low
17.53,69.88,3.61,25.54,0,Day,0,1,Low
24.37,78.8,0.84,27.39,0,Night,0,1,Low
55.68,72.55,5.03,18.69,0,Day,1,1,Medium
47.17,85.68,1.95,22.15,0,Day,0,0,Medium
40.68,95.87,0.0,23.74,0,Early_Morning,1,0,High
57.49,89.88,1.46,22.81,0,Day,1,0,High
25.96,100.55,1.78,22.73,0,Day,1,0,Medium
20.25,84.54,0.77,28.35,0,Night,0,1,Low
25.38,82.42,2.35,23.02,0,Day,0,0,Low
57.85,72.72,4.63,23.67,1,Night,0,1,Medium
24.99,82.64,0.07,22.19,1,Day,0,1,Medium
24.14,72.22,5.53,16.12,0,Day,0,0,Medium
36.75,73.94,5.35,21.9,0,Early_Morning,0,1,Low
27.06,65.25,1.25,19.35,0,Day,0,1,Medium
47.1,90.25,2.19,18.49,1,Early_Morning,0,0,High
47.04,85.71,2.43,25.52,0,Early_Morning,0,1,Low
55.15,83.02,1.78,19.42,0,Day,1,0,High
52.89,72.58,2.89,25.13,1,Day,1,1,Medium
48.73,80.79,0.67,22.31,0,Day,0,1,Low
53.19,82.86,9.22,25.95,0,Early_Morning,0,1,Low
38.73,85.46,0.0,24.73,0,Day,0,1,Low
59.51,71.54,2.71,23.79,0,Night,1,1,High
36.93,68.41,4.48,19.14,0,Day,0,0,Medium
22.64,77.2,2.37,24.59,0,Night,0,1,Low
44.98,72.95,1.64,23.59,1,Early_Morning,0,0,High
33.37,89.5,0.47,24.13,1,Day,0,1,Medium
53.91,73.64,0.57,23.12,0,Day,0,1,Medium
49.62,74.79,4.59,22.11,0,Day,1,0,Medium
36.36,100.34,2.03,26.62,0,Early_Morning,0,1,Medium
25.6,76.21,0.62,23.54,0,Day,0,1,Low
54.11,79.09,10.15,25.34,0,Night,0,1,Medium
39.85,93.14,3.74,25.49,0,Early_Morning,0,1,Medium
38.9,73.46,1.52,26.58,1,Day,0,1,Medium
27.77,70.78,1.22,22.89,1,Early_Morning,0,1,Medium
41.98,71.95,7.71,22.97,1,Day,1,1,Medium
35.37,99.81,0.07,25.14,0,Day,0,0,Medium
57.34,87.6,4.03,29.12,0,Night,0,0,Medium
34.02,89.09,2.26,22.38,0,Day,1,1,Medium
29.79,75.26,1.34,27.26,0,Day,0,0,Low
51.16,71.92,1.06,25.57,0,Night,0,0,High
57.93,86.11,1.24,26.41,0,Night,0,0,High
51.14,87.84,0.05,26.32,0,Day,0,0,High
47.12,70.26,1.25,22.13,0,Early_Morning,0,1,Medium
46.54,68.76,6.64,21.79,0,Early_Morning,0,0,High
27.13,85.88,3.59,21.79,0,Early_Morning,0,0,Medium
40.8,85.37,0.49,22.43,0,Early_Morning,0,1,Medium
60.04,80.76,1.3,29.3,0,Day,0,1,Medium
27.33,58.96,1.21,21.52,1,Night,1,0,High
31.5,74.08,0.39,21.16,1,Early_Morning,1,0,High
59.39,69.42,4.57,19.46,0,Day,1,1,Medium
40.47,76.09,0.27,21.95,0,Night,0,0,Medium
32.27,94.53,1.17,21.79,0,Night,0,0,High
50.68,72.91,0.94,28.74,0,Early_Morning,0,0,Medium
42.03,76.41,0.47,26.14,1,Day,0,0,High
41.6,70.67,7.65,24.4,1,Day,0,0,High
46.73,82.41,1.81,20.54,0,Night,0,0,Medium
28.31,85.45,0.74,25.71,0,Night,1,1,Medium
39.86,87.83,0.82,17.95,0,Day,0,1,Medium
48.96,78.88,17.38,25.5,0,Day,0,1,Low
37.11,68.8,0.94,20.68,1,Night,0,1,High
50.36,79.74,3.86,24.48,0,Day,1,0,Medium
29.41,83.08,1.4,24.94,0,Early_Morning,0,0,Medium
41.41,77.03,0.0,21.67,0,Day,0,1,Medium
46.52,86.63,5.2,28.39,0,Day,1,1,Low
35.65,89.88,4.53,21.47,0,Day,0,0,Medium
21.35,84.12,0.0,26.02,0,Night,0,1,Medium
48.99,79.69,1.68,23.73,0,Night,0,1,Medium
34.57,76.08,2.07,21.78,0,Night,0,1,Low
22.46,79.34,0.27,21.98,0,Day,0,0,Medium
56.95,80.5,0.21,18.07,0,Night,1,0,High
57.38,86.52,4.25,24.06,0,Night,0,1,Medium
32.51,82.87,6.34,26.16,0,Night,0,0,Medium
50.12,82.22,0.33,26.96,0,Day,0,0,Medium
59.41,87.42,1.82,26.01,0,Day,0,1,Medium
52.7,86.0,2.95,27.82,1,Day,0,1,High
32.7,82.96,5.57,21.4,0,Day,0,1,Low
25.31,77.68,3.08,27.3,0,Day,1,1,Low
33.96,78.01,1.24,23.92,0,Night,1,0,High
35.88,77.87,3.67,23.72,0,Day,0,1,Low
50.24,63.85,4.25,27.0,0,Early_Morning,0,0,High
50.81,95.36,0.79,20.8,1,Night,0,1,High
55.91,84.18,2.15,23.43,0,Day,1,1,Medium
36.26,85.35,2.22,28.66,1,Night,1,0,High
53.07,78.11,2.8,28.05,0,Day,0,1,Medium
31.82,85.45,5.76,27.46,1,Day,0,0,Medium
21.03,69.98,0.58,25.3,0,Early_Morning,0,1,Medium
25.26,80.65,2.75,23.82,0,Night,1,1,Low
60.21,77.24,0.0,25.48,0,Night,1,0,High
44.5,85.91,4.78,25.63,1,Night,1,1,High
28.64,87.49,0.66,23.21,1,Day,0,1,Medium
40.97,71.04,1.32,24.53,0,Day,0,1,Medium
38.12,77.39,9.8,24.43,0,Early_Morning,1,1,Medium
46.65,85.61,0.2,25.87,0,Early_Morning,1,0,High
58.21,79.72,3.95,24.21,0,Day,0,0,Medium
49.42,84.33,16.14,21.73,0,Early_Morning,1,1,Medium
31.13,70.55,1.59,19.58,0,Early_Morning,0,0,Medium
30.7,85.42,0.51,26.18,0,Day,0,0,Medium
25.09,82.56,12.99,16.62,0,Day,0,0,Medium
59.88,83.72,8.23,22.31,0,Night,1,1,Medium
22.73,69.12,2.0,25.29,1,Early_Morning,1,0,High
58.57,82.84,1.99,19.8,0,Night,0,0,High
41.84,81.99,1.23,19.97,0,Early_Morning,0,1,Medium
31.95,73.26,0.55,22.25,0,Early_Morning,0,0,Medium
31.76,79.07,10.58,20.3,0,Night,1,1,Medium
45.67,71.16,0.0,22.48,0,Night,0,0,Medium
32.8,78.47,0.0,23.17,1,Early_Morning,1,0,High
35.61,77.98,2.62,23.9,1,Early_Morning,1,0,High
32.16,79.86,4.26,21.15,0,Early_Morning,0,1,Low
29.74,70.48,1.88,27.08,0,Day,1,0,Medium
60.05,88.5,2.94,22.09,1,Night,0,0,High
31.04,79.27,3.92,28.48,0,Night,1,0,Medium
46.99,63.68,0.91,23.19,0,Early_Morning,0,0,Medium
40.01,78.36,5.31,23.81,0,Day,0,1,Low
34.66,92.88,3.8,22.33,0,Day,0,0,Medium
36.24,87.47,0.71,20.97,1,Day,0,0,Medium
36.48,80.32,1.93,26.71,1,Day,1,1,Medium
54.78,83.6,3.74,21.66,0,Night,1,1,Medium
39.0,85.85,0.33,26.78,0,Day,1,1,Medium
44.92,76.59,5.42,22.95,1,Day,1,0,Medium
22.75,84.2,4.07,27.4,0,Early_Morning,0,0,Low
25.2,84.14,1.73,23.79,0,Early_Morning,0,0,Medium
27.83,71.94,4.68,21.32,1,Night,1,0,Medium
31.42,71.1,0.0,31.13,0,Early_Morning,0,0,High
30.85,94.31,2.95,29.2,0,Early_Morning,1,0,High
31.8,93.61,4.91,24.9,1,Day,0,1,Medium
29.22,65.79,2.47,23.59,0,Early_Morning,0,1,Medium
30.51,70.67,5.68,28.01,0,Night,0,0,Medium
44.02,79.87,1.59,20.21,0,Day,1,1,Medium
36.48,76.23,5.4,27.1,0,Day,1,0,Medium
28.46,78.4,0.86,27.86,0,Day,0,0,Medium
27.14,86.75,1.03,25.83,0,Night,1,1,Medium
25.13,72.47,0.0,24.06,0,Early_Morning,0,0,High
50.09,77.74,2.83,27.24,1,Day,0,0,High
56.86,82.81,2.02,22.61,1,Day,0,0,High
40.48,92.66,0.45,26.19,0,Day,1,0,High
41.96,76.94,0.99,25.44,0,Early_Morning,1,0,High
62.12,68.26,0.65,24.17,1,Night,0,0,High
61.64,71.21,6.07,24.56,0,Early_Morning,1,1,High
54.41,75.55,4.07,22.79,0,Day,0,1,Low
46.48,97.16,5.15,27.07,0,Day,1,0,Medium
26.93,84.69,0.86,26.35,1,Day,0,1,Medium
56.46,87.04,2.48,22.3,1,Day,1,1,High
52.09,86.43,4.84,26.65,1,Day,0,1,Medium
40.8,89.52,4.04,24.92,0,Day,0,1,Low
35.07,81.2,11.84,21.19,0,Day,1,1,Low
31.19,73.22,1.16,27.17,0,Day,1,1,Medium
22.93,82.67,1.41,25.0,0,Day,0,0,Medium
43.83,85.1,1.52,25.34,1,Night,0,0,Medium
45.51,64.39,1.88,28.62,1,Day,0,1,Medium
26.47,80.6,1.31,23.85,1,Night,1,0,High
42.98,76.83,5.37,23.79,0,Day,0,1,Low
31.38,76.12,0.46,24.75,0,Day,0,0,Medium
32.19,68.25,1.33,28.63,1,Day,1,0,High
26.58,87.92,0.93,27.48,0,Night,0,0,Medium
54.47,76.99,1.28,23.6,0,Day,0,1,Medium
34.81,79.22,0.03,25.36,1,Day,0,1,Low
21.32,87.54,5.16,19.96,0,Day,1,1,Medium
33.56,78.31,3.14,20.24,1,Night,0,1,Medium
25.21,83.92,2.1,22.84,1,Day,0,0,Medium
45.2,91.64,2.32,21.7,0,Day,0,0,Medium
29.95,81.5,4.3,26.41,1,Day,0,0,Medium
37.64,88.88,1.16,18.57,0,Early_Morning,1,0,High
26.74,82.07,2.93,21.55,0,Early_Morning,0,1,Low
31.61,80.17,0.37,22.76,0,Day,1,0,Medium
36.67,84.3,5.28,21.99,0,Day,0,1,Low
26.11,77.62,0.26,21.4,0,Night,1,0,High
43.97,78.29,4.51,21.96,0,Day,0,1,Low
47.67,87.81,1.94,21.44,0,Day,0,0,Medium
37.71,83.39,4.55,26.71,1,Night,0,0,High
34.94,74.94,0.0,23.38,0,Day,0,0,Medium
24.05,78.35,1.6,31.92,0,Night,1,1,Medium
25.8,84.92,1.41,25.21,0,Night,1,0,Medium
37.38,83.53,0.87,23.53,1,Day,1,0,High
48.08,86.67,1.87,19.52,0,Day,0,0,Low
41.25,75.75,3.23,26.94,1,Early_Morning,1,1,Medium
43.76,86.24,0.0,27.92,0,Day,0,1,Low
38.81,71.52,0.72,17.62,0,Night,0,1,Medium
55.09,94.54,0.36,21.24,0,Early_Morning,1,0,High
45.64,92.39,3.44,21.52,0,Early_Morning,1,0,High
34.66,89.43,1.67,21.45,0,Day,0,0,Medium
55.03,72.53,0.0,21.9,1,Day,1,1,High
46.39,76.86,12.63,30.61,1,Early_Morning,1,1,Medium
65.65,68.3,3.19,23.7,0,Early_Morning,0,0,High
32.63,90.33,2.18,19.0,0,Day,1,0,Medium
28.21,86.76,5.03,23.05,0,Day,0,1,Low
59.62,76.78,4.68,22.63,0,Night,0,1,Medium
49.0,93.66,4.55,20.99,1,Day,1,0,High
24.96,87.82,1.04,21.65,0,Early_Morning,0,1,Low
34.07,75.31,4.7,23.75,0,Night,1,0,Medium
60.03,67.33,2.33,24.12,1,Day,0,0,High
31.71,81.83,0.67,26.48,1,Day,0,1,Medium
57.0,82.95,3.31,23.46,1,Early_Morning,0,1,High
53.46,88.49,8.93,23.66,0,Day,1,0,High
56.04,73.86,10.42,24.0,0,Day,1,0,Medium
24.37,87.92,4.51,26.13,0,Day,0,0,Low
44.78,81.71,0.0,19.62,1,Day,0,0,High
59.39,75.87,7.75,20.78,1,Night,0,0,High
42.19,88.92,1.11,25.29,1,Day,0,0,High
37.16,100.75,3.87,16.86,0,Day,1,1,Medium
25.62,86.61,2.73,25.44,1,Early_Morning,1,1,Medium
49.77,72.04,1.91,26.25,0,Early_Morning,0,1,Low
25.62,73.58,1.38,30.21,0,Day,0,0,Low
42.53,86.66,2.25,20.19,1,Early_Morning,1,1,Medium
43.88,70.46,5.73,20.97,0,Day,0,1,Low
55.88,74.77,3.4,26.45,1,Night,0,1,High
19.98,92.25,2.08,25.25,0,Night,0,0,Medium
55.38,81.83,1.12,25.54,1,Day,0,1,High
56.2,77.4,1.09,24.23,0,Day,0,1,Medium
47.75,85.08,4.59,26.26,0,Day,1,1,Medium
52.49,90.19,7.7,21.47,1,Day,0,1,Medium
36.64,79.86,4.18,21.41,0,Early_Morning,0,0,Medium
42.06,90.98,6.57,21.37,0,Day,1,1,Low
42.15,78.1,0.99,20.55,1,Day,1,0,High
29.01,68.4,0.03,24.84,0,Day,0,1,Low
54.89,80.53,3.69,27.32,0,Day,1,0,High
50.06,80.55,3.12,17.81,1,Night,1,0,High
57.29,83.74,2.28,27.73,0,Day,0,0,Medium
27.31,84.74,9.03,18.31,0,Early_Morning,1,0,Medium
25.28,84.8,2.16,22.69,0,Day,0,0,Low
32.9,82.0,0.88,26.42,0,Early_Morning,0,1,Medium
52.1,86.1,8.54,24.02,0,Day,1,0,High
20.16,82.84,0.51,24.78,0,Day,1,0,Medium
56.75,72.8,1.43,24.14,1,Day,1,0,High
33.76,78.49,2.54,23.55,0,Night,1,0,Medium
24.99,82.01,0.17,23.97,0,Day,0,1,Medium
29.17,92.78,10.36,19.9,1,Night,0,1,Medium
54.15,76.0,1.3,20.57,1,Night,0,0,High
23.78,74.69,7.86,21.6,0,Day,0,1,Low
42.06,74.65,4.07,27.27,1,Day,0,0,Medium
52.88,84.67,0.76,23.58,0,Day,1,0,High
27.75,93.13,1.48,19.03,1,Day,1,1,Medium
56.5,73.76,0.0,20.86,0,Night,0,1,High
51.32,72.24,0.93,27.46,0,Night,0,1,Medium
21.68,66.5,12.34,19.13,0,Day,1,1,Medium
42.24,78.75,1.35,25.55,0,Early_Morning,0,1,Low
34.93,79.56,1.25,25.22,0,Night,1,0,Medium
28.31,83.39,3.17,25.86,0,Night,1,0,Medium
30.35,76.22,5.61,21.59,0,Day,0,1,Low
54.26,77.72,1.07,27.04,0,Day,0,1,Medium
57.26,74.3,4.41,16.99,1,Night,1,0,High
59.98,83.79,1.92,22.44,0,Night,0,0,High
52.81,86.35,0.86,20.37,0,Day,0,1,Medium
46.62,77.19,0.34,19.47,1,Early_Morning,1,0,High
56.04,84.62,5.25,21.24,0,Day,0,0,Medium
58.14,91.0,2.39,24.61,0,Early_Morning,1,0,High
27.01,90.63,2.73,20.13,1,Early_Morning,1,0,High
57.32,86.02,13.43,22.79,0,Day,1,0,High
33.8,80.39,3.43,19.3,0,Early_Morning,0,1,Low
57.04,79.15,8.46,26.96,0,Day,1,1,Medium
43.6,72.77,8.83,28.4,1,Day,1,1,Medium
58.6,70.0,0.12,23.14,0,Day,0,1,Medium
29.06,77.34,0.58,23.99,0,Early_Morning,0,0,Medium
33.27,85.98,0.05,26.2,1,Day,0,1,Medium
42.84,71.53,0.0,19.11,0,Early_Morning,0,0,Medium
27.41,70.9,5.18,23.85,0,Day,0,1,Low
43.89,86.99,6.8,25.44,1,Early_Morning,0,0,Medium
27.8,82.72,3.47,27.62,0,Night,1,1,Medium
53.37,77.96,2.94,20.28,0,Night,1,1,Medium
59.68,83.04,0.15,20.11,0,Day,0,1,Medium
41.96,88.65,1.99,26.3,0,Early_Morning,0,1,Medium
34.84,84.77,4.44,30.37,0,Day,0,1,Low
22.88,78.54,1.57,20.0,0,Day,1,0,Medium
45.01,77.71,0.0,25.08,1,Night,1,1,High
30.43,99.5,2.47,26.12,1,Night,0,0,High
38.9,93.77,0.78,18.58,0,Day,1,0,High
26.8,89.49,1.21,26.67,0,Early_Morning,0,1,Medium
34.81,79.6,1.08,24.08,0,Day,0,1,Medium
40.2,86.09,0.0,23.23,1,Early_Morning,0,1,Medium
56.39,78.79,1.1,26.0,0,Day,1,0,High
53.92,71.02,6.07,29.03,0,Night,1,1,Medium
32.14,87.19,11.14,22.53,0,Early_Morning,0,1,Low
51.89,74.55,14.66,22.4,0,Day,0,1,Low
30.28,67.17,1.98,28.17,0,Day,0,0,Medium
54.41,71.69,5.14,30.12,0,Night,1,1,High
25.62,65.83,1.97,21.31,0,Early_Morning,0,0,Medium
46.21,70.22,2.05,23.54,0,Early_Morning,0,0,Medium
40.34,82.71,2.13,23.99,0,Early_Morning,0,1,Low
17.39,84.97,0.77,25.03,1,Night,1,1,High
34.89,74.93,0.28,18.97,0,Day,1,0,Medium
50.36,82.98,9.52,23.05,0,Early_Morning,0,1,Low
43.88,74.6,1.86,25.02,0,Day,0,1,Low
31.8,81.37,0.25,24.97,0,Day,1,1,Medium
34.4,75.01,1.4,23.97,0,Day,1,0,Medium
20.52,75.99,0.81,19.14,1,Early_Morning,1,1,High
34.51,76.03,1.36,21.72,1,Night,1,1,High
23.33,87.52,7.82,22.29,1,Night,0,0,Medium
46.28,79.1,0.74,24.13,1,Early_Morning,1,0,High
57.45,81.96,1.85,18.44,1,Day,1,0,High
36.6,98.8,3.81,28.16,0,Day,1,1,Medium
57.5,71.53,2.18,22.73,0,Day,0,0,High
32.67,84.2,6.74,23.02,0,Night,1,1,Low
40.68,77.75,1.27,19.72,1,Early_Morning,0,1,Medium
44.62,77.42,0.04,23.55,0,Day,1,1,Medium
56.71,75.13,9.78,21.8,1,Early_Morning,0,0,High
59.2,75.25,0.57,15.12,1,Night,0,1,High
29.45,76.33,1.77,21.81,0,Day,1,0,Medium
35.18,80.62,0.42,24.81,1,Day,0,1,Medium
47.02,75.2,1.19,27.58,0,Early_Morning,0,1,Low
20.01,71.59,0.97,21.24,0,Day,0,0,Medium
59.1,91.26,0.59,23.94,0,Day,1,1,Medium
32.71,66.95,7.55,28.93,1,Day,0,1,Low
32.89,61.22,2.16,20.42,1,Day,0,0,Medium
38.35,72.77,0.12,24.96,0,Day,0,0,Medium
41.4,70.37,1.28,27.71,0,Night,1,1,Medium
39.09,84.48,7.9,23.81,0,Night,1,1,Low
46.78,76.49,1.47,22.0,0,Early_Morning,0,1,Low
35.62,79.27,1.59,22.56,0,Night,0,0,Medium
26.35,84.51,1.14,24.94,0,Night,0,0,Medium
21.03,82.68,1.5,32.92,0,Day,1,1,Medium
33.42,95.9,3.85,23.93,1,Day,0,1,Medium
34.61,67.31,1.61,22.48,0,Day,0,0,Medium
38.84,79.06,1.81,27.04,0,Night,0,1,Low
25.87,68.63,1.14,20.78,0,Day,0,0,Low
35.32,82.63,6.09,28.26,0,Day,1,1,Low
53.5,82.47,3.63,20.22,1,Day,0,1,High
22.17,68.42,4.88,27.27,0,Day,1,1,Low
49.66,80.93,0.51,20.64,0,Day,0,1,Medium
19.16,81.11,0.65,21.91,0,Early_Morning,0,0,High
50.82,86.95,0.75,22.55,0,Early_Morning,0,1,Medium
53.15,90.66,1.27,23.92,0,Night,0,0,High
47.81,79.85,0.0,24.15,0,Day,1,0,Medium
43.95,69.99,0.0,22.76,0,Day,1,0,High
43.56,75.43,12.72,28.49,0,Night,0,0,Medium
43.82,77.29,3.04,25.44,0,Day,0,1,Low
35.13,64.77,2.09,19.42,0,Day,0,1,Low
51.32,77.76,0.32,22.34,0,Night,1,0,High
21.04,97.27,3.17,26.44,0,Day,0,0,Medium
33.97,76.98,1.23,23.13,1,Day,1,0,High
42.49,86.97,4.05,20.64,0,Day,0,1,Low
41.9,98.5,2.36,21.05,0,Day,0,1,Low
43.15,93.25,2.63,27.18,1,Night,0,0,High
19.54,79.41,4.57,19.93,0,Day,0,0,Low
56.46,70.96,0.0,27.37,0,Day,1,0,High
28.99,90.5,0.98,23.19,0,Day,0,1,Medium
23.17,61.68,4.08,19.41,1,Night,1,1,Medium
32.81,73.71,1.79,23.41,0,Day,1,1,Low
20.17,98.48,2.96,25.34,0,Day,0,0,Medium
44.34,72.87,0.9,22.28,0,Day,1,0,Medium
51.85,73.23,2.26,17.5,1,Early_Morning,0,0,High
61.18,74.47,4.36,22.67,0,Early_Morning,0,1,Medium
44.69,67.18,4.21,26.29,0,Night,0,1,Low
26.73,78.36,1.16,21.58,1,Day,1,0,High
42.07,82.09,3.59,20.43,1,Day,0,1,Medium
35.67,82.2,2.98,26.24,0,Night,0,1,Low
50.48,80.31,8.64,28.05,1,Day,1,1,Medium
27.85,86.13,3.42,24.89,0,Night,1,1,Medium
20.12,72.6,1.47,25.46,0,Night,0,0,Medium
42.56,85.54,0.39,25.92,0,Early_Morning,0,0,Medium
22.07,77.73,5.94,24.81,1,Day,0,0,Medium
53.58,85.8,1.57,21.78,1,Day,1,0,High
43.65,89.73,3.89,19.45,1,Day,0,0,Medium
36.81,72.24,4.69,21.89,1,Early_Morning,0,1,Medium
40.9,77.96,3.37,23.49,0,Day,1,1,Low
56.17,88.03,1.38,24.4,1,Night,1,0,High
36.0,70.76,0.96,20.67,0,Day,0,0,Low
50.43,75.49,0.47,20.85,1,Day,0,0,High
21.14,71.84,0.25,27.52,0,Day,1,0,High
35.34,92.9,0.94,26.09,0,Early_Morning,0,0,High
28.5,85.0,2.79,26.55,0,Night,1,0,Medium
37.2,72.23,8.73,29.74,1,Day,0,1,Medium
48.31,85.19,0.96,26.43,1,Day,1,0,High
36.47,92.21,0.49,26.7,0,Early_Morning,1,0,High
26.36,73.73,0.76,30.21,0,Day,0,1,Low
32.19,93.2,1.37,24.31,0,Early_Morning,1,1,Medium
33.04,85.79,0.04,29.7,0,Day,0,1,Low
44.74,87.89,1.05,24.49,0,Night,1,1,Medium
40.41,91.27,0.64,20.67,0,Day,0,0,Medium
44.38,83.57,1.14,20.92,0,Day,1,1,Medium
30.87,71.14,2.85,21.01,0,Night,1,0,Medium
48.86,62.48,0.8,25.46,1,Early_Morning,0,0,High
36.0,68.81,0.46,24.64,1,Night,1,1,High
57.77,73.2,2.15,23.65,0,Day,0,0,High
51.46,79.86,0.01,25.47,0,Day,0,0,High
27.9,79.77,1.53,21.66,1,Day,1,1,Medium
34.18,86.71,2.59,24.35,0,Night,1,0,Medium
29.97,67.52,3.48,28.12,1,Day,0,0,Medium
25.18,87.14,0.97,22.42,1,Day,1,1,Medium
24.69,82.26,1.26,26.14,1,Night,1,1,High
55.58,58.6,2.06,18.42,0,Day,0,0,Medium
56.27,87.25,2.89,23.21,0,Day,0,0,Medium
53.74,71.7,5.48,29.87,0,Night,1,1,Medium
32.32,76.55,4.65,25.06,0,Day,1,1,Low
21.98,77.83,0.97,28.84,0,Day,0,0,Medium
28.47,80.93,1.68,22.95,1,Day,0,1,Medium
47.67,86.77,7.89,23.28,1,Day,0,0,Medium
40.44,74.7,1.34,23.94,1,Day,1,1,Medium
26.35,75.93,5.68,22.12,0,Night,1,1,Medium
51.14,94.45,2.16,25.46,0,Day,1,1,Medium
25.28,81.89,1.81,22.87,1,Day,0,0,Medium
36.6,76.48,3.09,18.73,0,Day,0,1,Low
50.43,85.21,0.58,22.6,1,Early_Morning,1,0,High
43.71,75.33,3.21,23.65,1,Night,0,0,High
35.27,82.41,1.18,22.22,1,Night,0,0,High
50.87,85.64,0.0,25.64,0,Day,1,0,Medium
48.61,90.11,1.2,20.06,0,Night,0,0,Medium
24.72,84.35,2.43,22.67,0,Night,0,1,Medium
42.81,73.12,0.65,21.02,0,Day,0,1,Low
48.64,84.43,2.04,24.85,1,Day,0,1,Medium
50.56,89.57,0.49,26.45,0,Day,0,1,Medium
39.48,79.79,0.27,28.45,1,Night,0,1,Medium
38.74,94.64,0.69,26.38,0,Day,0,0,Medium
38.39,75.92,1.31,26.72,0,Day,0,0,Medium
62.27,63.07,1.49,22.16,1,Day,1,1,High
45.25,74.3,4.98,21.88,0,Day,0,1,Low
45.79,64.92,6.91,22.11,0,Night,0,1,Medium
41.9,69.58,1.63,20.57,0,Night,1,1,Medium
56.85,72.03,0.0,25.17,1,Night,0,0,High
27.03,74.1,5.61,16.0,0,Day,0,0,Medium
33.43,68.94,0.0,27.36,1,Day,0,0,High
33.51,70.6,0.26,31.67,0,Night,1,1,High
54.34,75.33,0.89,23.63,0,Early_Morning,1,0,High
44.41,70.4,2.86,22.09,0,Day,0,1,Low
59.72,84.08,3.81,26.22,0,Night,0,1,Medium
28.81,78.17,0.83,21.07,0,Early_Morning,0,0,Medium
41.29,82.58,3.11,24.57,0,Early_Morning,0,1,Low
34.67,67.68,0.95,21.17,1,Early_Morning,0,1,High
37.01,87.79,2.62,24.4,0,Night,0,0,Medium
48.88,79.12,5.36,25.19,0,Early_Morning,1,1,Low
19.97,76.21,1.29,24.22,0,Day,1,1,Low
40.99,83.03,2.92,22.95,1,Night,0,0,Medium
33.4,75.98,0.0,25.88,1,Day,0,0,High
57.95,79.44,2.93,27.94,1,Early_Morning,0,1,Medium
23.03,88.68,3.03,27.62,1,Night,1,1,High
25.02,94.78,4.85,24.57,1,Day,0,0,Medium
32.41,83.08,2.97,19.5,0,Day,0,1,Low
34.6,77.35,2.93,27.66,0,Day,1,1,Medium
39.69,78.32,0.6,21.53,0,Early_Morning,1,0,High
32.68,79.37,0.0,23.04,0,Day,1,1,Medium
33.91,82.34,2.32,25.6,0,Day,0,0,Low
36.4,80.71,0.4,26.58,0,Day,0,0,Medium
24.51,83.35,4.68,23.62,1,Day,0,1,Low
44.95,83.55,8.94,26.46,0,Day,1,1,Low
48.63,74.83,1.46,18.85,0,Night,0,0,Medium
45.13,81.05,1.87,25.08,0,Early_Morning,0,1,Low
36.16,76.93,1.57,20.68,0,Early_Morning,1,0,High
29.88,72.21,0.0,21.96,0,Day,1,1,Medium
29.76,68.81,5.02,21.78,0,Day,0,1,Low
46.81,80.04,0.0,22.76,0,Early_Morning,0,0,Medium
38.53,78.55,1.04,23.51,0,Early_Morning,0,1,Low
46.35,77.05,0.98,22.18,0,Day,0,1,Medium
40.91,85.72,1.4,22.31,0,Night,0,1,Low
56.59,70.26,0.6,26.48,1,Day,1,1,High
48.05,85.22,2.77,24.64,0,Day,1,1,Low
56.68,69.64,1.49,22.99,0,Day,0,1,Medium
49.11,85.24,4.11,23.14,1,Day,0,0,Medium
59.48,86.01,0.65,26.47,1,Day,0,1,High
37.42,76.08,0.56,25.88,1,Night,0,0,High
33.64,72.92,6.18,27.41,0,Early_Morning,0,1,Low
30.8,82.36,4.99,28.62,1,Night,0,0,Medium
50.48,79.76,2.85,24.33,1,Day,0,0,Medium
48.01,83.39,3.52,29.51,0,Day,1,1,Low
46.71,78.32,0.94,19.94,0,Day,0,1,Low
54.61,90.59,0.66,25.76,1,Day,1,0,High
32.76,82.73,0.32,22.18,0,Day,0,1,Low
18.86,79.5,3.1,30.31,0,Day,0,1,Low
58.86,85.74,0.91,21.72,0,Night,0,0,High
31.24,72.8,0.97,25.64,0,Early_Morning,0,0,Medium
29.76,84.3,4.84,26.57,1,Night,1,1,Medium
29.08,77.9,1.74,22.89,0,Night,0,1,Low
49.58,82.57,0.35,23.77,1,Early_Morning,0,0,High
43.84,75.09,0.42,18.16,1,Day,1,1,Medium
32.46,77.44,3.17,31.27,0,Day,1,1,Medium
21.05,84.89,4.65,23.21,0,Day,0,1,Low
47.55,79.94,1.84,21.54,1,Day,0,1,Medium
26.0,84.95,3.95,23.93,0,Early_Morning,1,1,Low
24.47,81.21,1.78,21.21,0,Night,0,1,Low
38.23,75.34,4.29,26.58,1,Day,0,0,Medium
37.97,67.37,1.69,26.4,1,Early_Morning,1,0,High
23.13,75.58,1.2,24.29,0,Day,0,1,Low
49.53,72.16,2.75,23.3,0,Day,0,0,Medium
24.42,65.11,0.0,24.11,0,Early_Morning,0,0,High
46.76,87.09,3.01,28.52,0,Day,1,0,Medium
40.35,78.35,1.33,19.81,0,Early_Morning,0,1,Low
32.14,72.52,3.41,23.39,0,Night,0,0,Medium
42.22,79.18,3.47,25.97,0,Night,0,0,Medium
31.0,77.06,0.34,18.02,0,Night,0,0,Medium
30.82,79.01,2.23,22.08,1,Day,0,0,Medium
26.76,70.2,1.49,27.89,0,Night,1,0,Medium
59.89,78.74,1.05,28.76,0,Day,0,0,High
54.71,80.63,10.12,24.32,1,Day,1,1,High
60.17,82.75,2.04,24.12,0,Day,0,0,High
23.06,76.54,1.14,16.83,0,Night,0,0,Medium
50.25,61.55,2.08,24.76,0,Day,0,0,High
30.3,83.13,3.47,29.71,0,Day,1,0,Medium
58.97,87.07,2.89,23.45,0,Early_Morning,0,1,Medium
43.44,93.08,1.21,27.69,1,Early_Morning,1,1,High
24.08,71.74,1.34,23.99,1,Day,1,1,Medium
57.95,86.11,0.78,22.63,0,Night,0,1,High
57.33,83.01,5.3,19.64,0,Day,0,0,Medium
28.18,77.8,1.69,16.75,0,Day,0,0,Medium
23.64,74.5,11.73,23.89,0,Early_Morning,0,1,Low
52.55,84.65,0.81,24.05,0,Night,1,1,Medium
38.28,85.72,2.24,27.19,0,Early_Morning,1,0,Medium
38.7,74.4,2.48,26.36,0,Day,1,0,Medium
51.21,87.29,3.73,21.63,1,Day,1,0,High
37.51,64.1,0.0,22.05,0,Day,1,0,High
50.8,70.44,6.35,24.96,1,Day,0,0,High
27.08,84.76,1.66,20.11,0,Early_Morning,0,1,Low
26.84,79.39,11.13,23.85,0,Early_Morning,1,1,Low
46.95,83.71,0.32,24.95,0,Day,0,1,Low
26.96,84.98,0.92,24.7,0,Early_Morning,0,0,Medium
25.54,78.35,1.27,23.6,0,Day,1,0,Medium
36.1,91.11,5.29,23.43,1,Night,0,0,High
44.19,94.78,1.27,22.54,1,Day,0,0,High
40.33,66.53,5.47,21.52,0,Early_Morning,1,1,Medium
25.16,69.5,1.9,23.57,0,Night,1,1,Medium
22.51,74.5,4.47,21.89,0,Day,1,1,Low
22.25,76.33,0.97,23.46,1,Day,0,1,Medium
37.42,92.17,0.08,24.1,0,Night,0,0,Medium
31.16,85.89,1.32,23.94,1,Day,1,1,High
20.07,80.75,3.47,29.62,0,Early_Morning,1,1,Medium
56.24,85.98,1.47,26.71,0,Day,0,1,Medium
56.7,68.89,4.16,20.14,0,Day,1,0,High
33.8,73.32,0.26,22.91,0,Night,0,0,Medium
22.61,80.0,0.96,24.86,0,Night,0,0,Medium
45.01,80.01,9.72,21.37,1,Day,0,0,Medium
34.22,69.76,5.11,22.76,1,Day,1,0,Medium
59.79,84.99,0.21,27.71,0,Night,0,1,High
32.58,84.12,10.67,21.32,0,Night,0,1,Low
52.58,82.07,0.64,20.68,0,Day,1,1,Medium
63.56,76.56,2.88,18.33,0,Night,0,0,High
26.91,70.38,1.78,23.06,0,Day,0,1,Low
49.54,77.25,4.45,28.13,0,Day,0,0,Low
52.17,73.76,2.73,20.65,0,Day,0,1,Medium
51.4,70.35,2.54,21.21,0,Day,1,0,High
